cycle,cycle_dir,analyte_id,analyte_column,sex,age_group,n_unweighted,n_weighted,pct_below_lod,weighted,weight_column,p5,p10,p25,p50,p75,p90,p95
I,2015_2016,n_pfoa,LBXNFOA,all,12-19,353,28742791.005893,0.0028328611898017,True,WTSB2YR,0.6,0.7,0.9,1.2,1.6,2.0,2.4717945195702873
I,2015_2016,n_pfoa,LBXNFOA,all,20-39,549,79256108.838349,0.014571948998178506,True,WTSB2YR,0.3,0.4,0.9,1.4,2.0,2.8,3.479671459432971
I,2015_2016,n_pfoa,LBXNFOA,all,40-59,555,81222986.922307,0.005405405405405406,True,WTSB2YR,0.5,0.7,1.1,1.6,2.4,3.3,3.8
I,2015_2016,n_pfoa,LBXNFOA,all,60_plus,536,62574289.962322995,0.007462686567164179,True,WTSB2YR,0.5,0.8,1.4,2.1,2.8,4.1,5.119557784938887
I,2015_2016,n_pfoa,LBXNFOA,all,all_ages,1993,251796176.728872,0.008028098344204716,True,WTSB2YR,0.4,0.6,1.0,1.5,2.4,3.3,4.1
I,2015_2016,n_pfoa,LBXNFOA,female,12-19,159,13241298.308639001,0.0,True,WTSB2YR,0.5,0.6,0.7,1.0,1.4,2.0,2.3
I,2015_2016,n_pfoa,LBXNFOA,female,20-39,279,39891209.352501,0.017921146953405017,True,WTSB2YR,0.2,0.3,0.6,1.0,1.5,2.4,3.1356486167645965
I,2015_2016,n_pfoa,LBXNFOA,female,40-59,308,41357318.546508,0.003246753246753247,True,WTSB2YR,0.4,0.6,0.9,1.3,2.1,3.042974302636783,4.120145309530477
I,2015_2016,n_pfoa,LBXNFOA,female,60_plus,283,34443876.600986004,0.007067137809187279,True,WTSB2YR,0.3,0.6843215047366199,1.3,2.1,2.892685754297954,4.106891054028431,6.74276972963938
I,2015_2016,n_pfoa,LBXNFOA,female,all_ages,1029,128933702.808634,0.007774538386783284,True,WTSB2YR,0.3,0.5,0.8,1.3,2.1,3.3,4.1
I,2015_2016,n_pfoa,LBXNFOA,male,12-19,194,15501492.697254,0.005154639175257732,True,WTSB2YR,0.7,0.8,1.0,1.3,1.7,2.0,2.620148642250404
I,2015_2016,n_pfoa,LBXNFOA,male,20-39,270,39364899.485848,0.011111111111111112,True,WTSB2YR,0.7,0.9688718413597243,1.3,1.7,2.3,3.0,3.5076112449988917
I,2015_2016,n_pfoa,LBXNFOA,male,40-59,247,39865668.375799,0.008097165991902834,True,WTSB2YR,0.5864181026856949,0.9,1.3,2.0,2.607714340980105,3.5,3.8
I,2015_2016,n_pfoa,LBXNFOA,male,60_plus,253,28130413.361337,0.007905138339920948,True,WTSB2YR,0.7,1.0,1.5,2.1,2.7652096787352614,4.1,5.058276004581807
I,2015_2016,n_pfoa,LBXNFOA,male,all_ages,964,122862473.920238,0.008298755186721992,True,WTSB2YR,0.7,0.9,1.3,1.8,2.5,3.3,4.0
I,2015_2016,n_pfos,LBXNFOS,all,12-19,353,28742791.005893,0.0028328611898017,True,WTSB2YR,0.8,1.0,1.5,2.078991572122195,3.1,4.4,5.1
I,2015_2016,n_pfos,LBXNFOS,all,20-39,549,79256108.838349,0.01092896174863388,True,WTSB2YR,0.6,0.9,1.5,2.5,4.2,6.9,8.289425055689232
I,2015_2016,n_pfos,LBXNFOS,all,40-59,555,81222986.922307,0.0036036036036036037,True,WTSB2YR,0.977205707706799,1.3,2.208245748157183,3.5,5.383665537029292,9.1,12.697541380461647
I,2015_2016,n_pfos,LBXNFOS,all,60_plus,536,62574289.962322995,0.0037313432835820895,True,WTSB2YR,1.2,1.8765706542866218,3.2,5.3,8.1,13.402660510659885,19.609802394229472
I,2015_2016,n_pfos,LBXNFOS,all,all_ages,1993,251796176.728872,0.0055193176116407425,True,WTSB2YR,0.8,1.2,1.9,3.2,5.567071647408263,8.9,12.84456633483677
I,2015_2016,n_pfos,LBXNFOS,female,12-19,159,13241298.308639001,0.0,True,WTSB2YR,0.7700716150945544,0.8,1.2,1.8,2.304268298506265,3.5,4.608746706645578
I,2015_2016,n_pfos,LBXNFOS,female,20-39,279,39891209.352501,0.017921146953405017,True,WTSB2YR,0.5,0.7,1.2,1.7,2.7,3.930968117411915,5.964569854250091
I,2015_2016,n_pfos,LBXNFOS,female,40-59,308,41357318.546508,0.003246753246753247,True,WTSB2YR,0.8,1.0,1.6,2.9,4.26369468676139,8.1,8.994483815177414
I,2015_2016,n_pfos,LBXNFOS,female,60_plus,283,34443876.600986004,0.0035335689045936395,True,WTSB2YR,1.1,1.5,2.6456787814393596,4.4,7.181214338957157,11.719581626423393,18.654213573978353
I,2015_2016,n_pfos,LBXNFOS,female,all_ages,1029,128933702.808634,0.006802721088435374,True,WTSB2YR,0.7,0.9,1.4,2.5,4.3,7.5,10.1
I,2015_2016,n_pfos,LBXNFOS,male,12-19,194,15501492.697254,0.005154639175257732,True,WTSB2YR,1.0,1.2,1.8,2.4508956193075324,3.5,4.7380521245371545,5.826974763411493
I,2015_2016,n_pfos,LBXNFOS,male,20-39,270,39364899.485848,0.003703703703703704,True,WTSB2YR,1.1001505118228805,1.6,2.3,3.6,5.7,7.952412193654653,9.160047266140753
I,2015_2016,n_pfos,LBXNFOS,male,40-59,247,39865668.375799,0.004048582995951417,True,WTSB2YR,1.7,2.1250809478198747,2.8,3.997378558412318,6.8,10.85177968940638,16.35038806989177
I,2015_2016,n_pfos,LBXNFOS,male,60_plus,253,28130413.361337,0.003952569169960474,True,WTSB2YR,1.7552176265694803,2.3623587448800802,3.9,6.4244078009318155,9.259434210577986,14.7,20.855672352738324
I,2015_2016,n_pfos,LBXNFOS,male,all_ages,964,122862473.920238,0.004149377593360996,True,WTSB2YR,1.3,1.7,2.526735933219036,4.0,6.8,10.4,14.667301978704753
I,2015_2016,sb_pfoa,LBXBFOA,all,12-19,353,28742791.005893,0.9971671388101983,True,WTSB2YR,0.07,0.07,0.07,0.07,0.07,0.07,0.07
I,2015_2016,sb_pfoa,LBXBFOA,all,20-39,549,79256108.838349,0.9872495446265938,True,WTSB2YR,0.07,0.07,0.07,0.07,0.07,0.07,0.07
I,2015_2016,sb_pfoa,LBXBFOA,all,40-59,555,81222986.922307,0.9819819819819819,True,WTSB2YR,0.07,0.07,0.07,0.07,0.07,0.07,0.07
I,2015_2016,sb_pfoa,LBXBFOA,all,60_plus,536,62574289.962322995,0.9589552238805971,True,WTSB2YR,0.07,0.07,0.07,0.07,0.07,0.07,0.07
I,2015_2016,sb_pfoa,LBXBFOA,all,all_ages,1993,251796176.728872,0.9799297541394882,True,WTSB2YR,0.07,0.07,0.07,0.07,0.07,0.07,0.07
I,2015_2016,sb_pfoa,LBXBFOA,female,12-19,159,13241298.308639001,1.0,True,WTSB2YR,0.07,0.07,0.07,0.07,0.07,0.07,0.07
I,2015_2016,sb_pfoa,LBXBFOA,female,20-39,279,39891209.352501,0.996415770609319,True,WTSB2YR,0.07,0.07,0.07,0.07,0.07,0.07,0.07
I,2015_2016,sb_pfoa,LBXBFOA,female,40-59,308,41357318.546508,0.9805194805194806,True,WTSB2YR,0.07,0.07,0.07,0.07,0.07,0.07,0.07
I,2015_2016,sb_pfoa,LBXBFOA,female,60_plus,283,34443876.600986004,0.9611307420494699,True,WTSB2YR,0.07,0.07,0.07,0.07,0.07,0.07,0.07
I,2015_2016,sb_pfoa,LBXBFOA,female,all_ages,1029,128933702.808634,0.9825072886297376,True,WTSB2YR,0.07,0.07,0.07,0.07,0.07,0.07,0.07
I,2015_2016,sb_pfoa,LBXBFOA,male,12-19,194,15501492.697254,0.9948453608247423,True,WTSB2YR,0.07,0.07,0.07,0.07,0.07,0.07,0.07
I,2015_2016,sb_pfoa,LBXBFOA,male,20-39,270,39364899.485848,0.9777777777777777,True,WTSB2YR,0.07,0.07,0.07,0.07,0.07,0.07,0.07
I,2015_2016,sb_pfoa,LBXBFOA,male,40-59,247,39865668.375799,0.9838056680161943,True,WTSB2YR,0.07,0.07,0.07,0.07,0.07,0.07,0.07
I,2015_2016,sb_pfoa,LBXBFOA,male,60_plus,253,28130413.361337,0.9565217391304348,True,WTSB2YR,0.07,0.07,0.07,0.07,0.07,0.07,0.07
I,2015_2016,sb_pfoa,LBXBFOA,male,all_ages,964,122862473.920238,0.9771784232365145,True,WTSB2YR,0.07,0.07,0.07,0.07,0.07,0.07,0.07
I,2015_2016,sm_pfos,LBXMFOS,all,12-19,353,28742791.005893,0.0028328611898017,True,WTSB2YR,0.3,0.4,0.6,0.9,1.2,1.6,2.0
I,2015_2016,sm_pfos,LBXMFOS,all,20-39,549,79256108.838349,0.025500910746812388,True,WTSB2YR,0.2,0.4,0.6,1.1,1.8,2.9,3.774995298524847
I,2015_2016,sm_pfos,LBXMFOS,all,40-59,555,81222986.922307,0.009009009009009009,True,WTSB2YR,0.4,0.5,0.9,1.8,3.0,4.371202324663958,5.6840668756520545
I,2015_2016,sm_pfos,LBXMFOS,all,60_plus,536,62574289.962322995,0.005597014925373134,True,WTSB2YR,0.5176256454158279,0.8,1.5,2.5,4.3,6.0,7.6
I,2015_2016,sm_pfos,LBXMFOS,all,all_ages,1993,251796176.728872,0.01154039136979428,True,WTSB2YR,0.3,0.5,0.8,1.5,2.6,4.4,5.7
I,2015_2016,sm_pfos,LBXMFOS,female,12-19,159,13241298.308639001,0.0,True,WTSB2YR,0.3,0.4,0.5,0.7,0.9387951191646554,1.1488491337864146,1.496413559780949
I,2015_2016,sm_pfos,LBXMFOS,female,20-39,279,39891209.352501,0.03225806451612903,True,WTSB2YR,0.2,0.3,0.4,0.7,1.1,1.6,1.8
I,2015_2016,sm_pfos,LBXMFOS,female,40-59,308,41357318.546508,0.00974025974025974,True,WTSB2YR,0.3,0.4,0.6,1.1,2.0,2.6,3.7
I,2015_2016,sm_pfos,LBXMFOS,female,60_plus,283,34443876.600986004,0.0035335689045936395,True,WTSB2YR,0.4396809693578949,0.7,1.2,2.2,4.0,5.931250836616057,7.141109085939164
I,2015_2016,sm_pfos,LBXMFOS,female,all_ages,1029,128933702.808634,0.012633624878522837,True,WTSB2YR,0.2,0.4,0.6,1.0,1.9,3.5,4.853012941360551
I,2015_2016,sm_pfos,LBXMFOS,male,12-19,194,15501492.697254,0.005154639175257732,True,WTSB2YR,0.4,0.5,0.8,1.0,1.4,1.8,2.020041999541614
I,2015_2016,sm_pfos,LBXMFOS,male,20-39,270,39364899.485848,0.018518518518518517,True,WTSB2YR,0.5527113633798765,0.8,1.1,1.6,2.6,3.7461474034014324,4.982449163146687
I,2015_2016,sm_pfos,LBXMFOS,male,40-59,247,39865668.375799,0.008097165991902834,True,WTSB2YR,0.8,1.0,1.6,2.6,3.6303202310506153,5.440372773440829,6.9
I,2015_2016,sm_pfos,LBXMFOS,male,60_plus,253,28130413.361337,0.007905138339920948,True,WTSB2YR,0.8239073873042388,1.4,1.9,2.9,4.5,6.7,7.7983661188104225
I,2015_2016,sm_pfos,LBXMFOS,male,all_ages,964,122862473.920238,0.01037344398340249,True,WTSB2YR,0.6,0.8,1.3,2.0,3.3,5.1,6.3
J,2017_2018,n_pfoa,LBXNFOA,all,12-19,313,28969188.891374998,0.0,True,WTSB2YR,0.5,0.6,0.8,1.0812594103122732,1.6,2.0,2.3227883953803725
J,2017_2018,n_pfoa,LBXNFOA,all,20-39,499,81661620.780698,0.006012024048096192,True,WTSB2YR,0.4,0.5,0.7,1.2,1.7,2.3,2.7
J,2017_2018,n_pfoa,LBXNFOA,all,40-59,513,79211749.76572399,0.001949317738791423,True,WTSB2YR,0.5,0.6,0.9,1.4,2.1,3.3,4.614838782299977
J,2017_2018,n_pfoa,LBXNFOA,all,60_plus,604,65270299.990158,0.004966887417218543,True,WTSB2YR,0.4,0.7,1.2025916292100638,1.8,2.5735470605661295,3.5,4.3
J,2017_2018,n_pfoa,LBXNFOA,all,all_ages,1929,255112859.42795503,0.0036288232244686366,True,WTSB2YR,0.4,0.6,0.9,1.4,2.0,2.9,3.7
J,2017_2018,n_pfoa,LBXNFOA,female,12-19,149,13672575.768884998,0.0,True,WTSB2YR,0.4,0.5,0.7,1.0,1.4,2.0,2.4002048015181034
J,2017_2018,n_pfoa,LBXNFOA,female,20-39,270,41429468.845167994,0.003703703703703704,True,WTSB2YR,0.3,0.4,0.6,0.8,1.4,2.0,2.4964597604960437
J,2017_2018,n_pfoa,LBXNFOA,female,40-59,258,40225380.206749,0.0,True,WTSB2YR,0.4,0.5,0.7,1.2,1.9,3.29698167225294,4.812339956953743
J,2017_2018,n_pfoa,LBXNFOA,female,60_plus,300,36555825.911218,0.0033333333333333335,True,WTSB2YR,0.4,0.7,1.1,1.7,2.4,3.354868446429016,4.3
J,2017_2018,n_pfoa,LBXNFOA,female,all_ages,977,131883250.73201999,0.0020470829068577278,True,WTSB2YR,0.4,0.5,0.7,1.2,1.9,2.8370401202682505,3.7
J,2017_2018,n_pfoa,LBXNFOA,male,12-19,164,15296613.12249,0.0,True,WTSB2YR,0.6,0.7,0.9,1.1,1.6,2.0295443316084074,2.3806615701008864
J,2017_2018,n_pfoa,LBXNFOA,male,20-39,229,40232151.93553001,0.008733624454148471,True,WTSB2YR,0.6,0.7,1.1,1.4,2.0,2.462476152646356,3.164744257656363
J,2017_2018,n_pfoa,LBXNFOA,male,40-59,255,38986369.558975,0.00392156862745098,True,WTSB2YR,0.7,0.9,1.1,1.5,2.2,3.4,4.073327053971589
J,2017_2018,n_pfoa,LBXNFOA,male,60_plus,304,28714474.078939997,0.006578947368421052,True,WTSB2YR,0.4,0.8,1.4,1.9,2.7,3.6526002940495306,4.4462614709307635
J,2017_2018,n_pfoa,LBXNFOA,male,all_ages,952,123229608.695935,0.005252100840336135,True,WTSB2YR,0.6,0.8,1.1,1.5,2.1,3.0,3.7
J,2017_2018,n_pfos,LBXNFOS,all,12-19,313,28969188.891374998,0.0,True,WTSB2YR,0.8,0.9,1.2,1.8581052147400934,2.8,4.05854921278027,5.825821742553435
J,2017_2018,n_pfos,LBXNFOS,all,20-39,499,81661620.780698,0.004008016032064128,True,WTSB2YR,0.7,0.9,1.6,2.4328498249120405,3.869641291764294,5.9,6.798748016168918
J,2017_2018,n_pfos,LBXNFOS,all,40-59,513,79211749.76572399,0.001949317738791423,True,WTSB2YR,0.9,1.1,1.9,3.2,5.2,7.983257156792906,10.912343607463535
J,2017_2018,n_pfos,LBXNFOS,all,60_plus,604,65270299.990158,0.004966887417218543,True,WTSB2YR,0.9199323955197737,1.7,2.9,4.6,7.3,11.265246473440019,14.762457002150958
J,2017_2018,n_pfos,LBXNFOS,all,all_ages,1929,255112859.42795503,0.003110419906687403,True,WTSB2YR,0.8,1.1,1.7,3.0,5.1,7.8,10.4
J,2017_2018,n_pfos,LBXNFOS,female,12-19,149,13672575.768884998,0.0,True,WTSB2YR,0.7,0.8,1.1,1.6,2.3,3.5,5.371622605127325
J,2017_2018,n_pfos,LBXNFOS,female,20-39,270,41429468.845167994,0.003703703703703704,True,WTSB2YR,0.6,0.8,1.2,1.9,3.0,4.0,5.451118263070403
J,2017_2018,n_pfos,LBXNFOS,female,40-59,258,40225380.206749,0.0,True,WTSB2YR,0.8,0.9,1.5,2.3,4.330862963160661,6.0,9.520458357038974
J,2017_2018,n_pfos,LBXNFOS,female,60_plus,300,36555825.911218,0.0033333333333333335,True,WTSB2YR,0.9706478654443342,1.5,2.2,3.699177339955322,6.116102185027413,9.727239366624948,12.26317170102411
J,2017_2018,n_pfos,LBXNFOS,female,all_ages,977,131883250.73201999,0.0020470829068577278,True,WTSB2YR,0.7,0.9,1.4,2.3,3.9,6.5,9.356622855988512
J,2017_2018,n_pfos,LBXNFOS,male,12-19,164,15296613.12249,0.0,True,WTSB2YR,0.9,1.1,1.5,2.1,3.0963551106506797,4.466353809979462,6.034970573938696
J,2017_2018,n_pfos,LBXNFOS,male,20-39,229,40232151.93553001,0.004366812227074236,True,WTSB2YR,1.2,1.5,2.2,3.3,4.879926281437372,6.184033635060764,7.23587011362309
J,2017_2018,n_pfos,LBXNFOS,male,40-59,255,38986369.558975,0.00392156862745098,True,WTSB2YR,1.3,1.7,2.7,3.9,6.0,8.1,11.195455185693175
J,2017_2018,n_pfos,LBXNFOS,male,60_plus,304,28714474.078939997,0.006578947368421052,True,WTSB2YR,1.0823627438183299,2.2,3.7227473841500376,6.1,9.289472803250545,13.2,16.281188664264118
J,2017_2018,n_pfos,LBXNFOS,male,all_ages,952,123229608.695935,0.004201680672268907,True,WTSB2YR,1.2,1.5,2.3,3.7,5.9,9.1,11.3
J,2017_2018,sb_pfoa,LBXBFOA,all,12-19,313,28969188.891374998,0.865814696485623,True,WTSB2YR,0.07,0.07,0.07,0.07,0.07,0.1,0.2
J,2017_2018,sb_pfoa,LBXBFOA,all,20-39,499,81661620.780698,0.9178356713426854,True,WTSB2YR,0.07,0.07,0.07,0.07,0.07,0.07,0.1
J,2017_2018,sb_pfoa,LBXBFOA,all,40-59,513,79211749.76572399,0.9005847953216374,True,WTSB2YR,0.07,0.07,0.07,0.07,0.07,0.07,0.1
J,2017_2018,sb_pfoa,LBXBFOA,all,60_plus,604,65270299.990158,0.9039735099337748,True,WTSB2YR,0.07,0.07,0.07,0.07,0.07,0.1,0.2
J,2017_2018,sb_pfoa,LBXBFOA,all,all_ages,1929,255112859.42795503,0.9004665629860031,True,WTSB2YR,0.07,0.07,0.07,0.07,0.07,0.07,0.2
J,2017_2018,sb_pfoa,LBXBFOA,female,12-19,149,13672575.768884998,0.8926174496644296,True,WTSB2YR,0.07,0.07,0.07,0.07,0.07,0.07,0.2
J,2017_2018,sb_pfoa,LBXBFOA,female,20-39,270,41429468.845167994,0.9333333333333333,True,WTSB2YR,0.07,0.07,0.07,0.07,0.07,0.07,0.1
J,2017_2018,sb_pfoa,LBXBFOA,female,40-59,258,40225380.206749,0.9069767441860465,True,WTSB2YR,0.07,0.07,0.07,0.07,0.07,0.07,0.1
J,2017_2018,sb_pfoa,LBXBFOA,female,60_plus,300,36555825.911218,0.9066666666666666,True,WTSB2YR,0.07,0.07,0.07,0.07,0.07,0.1,0.2
J,2017_2018,sb_pfoa,LBXBFOA,female,all_ages,977,131883250.73201999,0.9119754350051177,True,WTSB2YR,0.07,0.07,0.07,0.07,0.07,0.07,0.1
J,2017_2018,sb_pfoa,LBXBFOA,male,12-19,164,15296613.12249,0.8414634146341463,True,WTSB2YR,0.07,0.07,0.07,0.07,0.07,0.1,0.2
J,2017_2018,sb_pfoa,LBXBFOA,male,20-39,229,40232151.93553001,0.8995633187772926,True,WTSB2YR,0.07,0.07,0.07,0.07,0.07,0.1,0.2
J,2017_2018,sb_pfoa,LBXBFOA,male,40-59,255,38986369.558975,0.8941176470588236,True,WTSB2YR,0.07,0.07,0.07,0.07,0.07,0.07,0.2
J,2017_2018,sb_pfoa,LBXBFOA,male,60_plus,304,28714474.078939997,0.9013157894736842,True,WTSB2YR,0.07,0.07,0.07,0.07,0.07,0.07,0.2
J,2017_2018,sb_pfoa,LBXBFOA,male,all_ages,952,123229608.695935,0.8886554621848739,True,WTSB2YR,0.07,0.07,0.07,0.07,0.07,0.1,0.2
J,2017_2018,sm_pfos,LBXMFOS,all,12-19,313,28969188.891374998,0.0,True,WTSB2YR,0.3,0.4,0.5,0.7,1.0513928465167792,1.7,2.0251660915169225
J,2017_2018,sm_pfos,LBXMFOS,all,20-39,499,81661620.780698,0.006012024048096192,True,WTSB2YR,0.20960178554104544,0.3,0.6,0.9,1.5,2.3,3.015993996530435
J,2017_2018,sm_pfos,LBXMFOS,all,40-59,513,79211749.76572399,0.011695906432748537,True,WTSB2YR,0.33334312246665004,0.5,0.8,1.4,2.3,3.3812153345935205,3.8
J,2017_2018,sm_pfos,LBXMFOS,all,60_plus,604,65270299.990158,0.011589403973509934,True,WTSB2YR,0.5,0.7,1.2243138077754192,2.4,3.5,5.7,6.733323985334844
J,2017_2018,sm_pfos,LBXMFOS,all,all_ages,1929,255112859.42795503,0.00829445308449974,True,WTSB2YR,0.3,0.4,0.7,1.2,2.3,3.5,4.5
J,2017_2018,sm_pfos,LBXMFOS,female,12-19,149,13672575.768884998,0.0,True,WTSB2YR,0.2,0.3,0.4,0.6,0.8,1.5965257354583042,2.103554850215636
J,2017_2018,sm_pfos,LBXMFOS,female,20-39,270,41429468.845167994,0.003703703703703704,True,WTSB2YR,0.2,0.3,0.4,0.6,0.9,1.3,1.8849160878187854
J,2017_2018,sm_pfos,LBXMFOS,female,40-59,258,40225380.206749,0.011627906976744186,True,WTSB2YR,0.2,0.4,0.5,0.9892827590033841,1.7,2.447703345461624,3.2979739516105018
J,2017_2018,sm_pfos,LBXMFOS,female,60_plus,300,36555825.911218,0.006666666666666667,True,WTSB2YR,0.45534116377199896,0.7,1.1,2.0,2.9,5.093897207367407,6.540075813334005
J,2017_2018,sm_pfos,LBXMFOS,female,all_ages,977,131883250.73201999,0.006141248720573183,True,WTSB2YR,0.2,0.3,0.5,0.9,1.8,2.8,3.8
J,2017_2018,sm_pfos,LBXMFOS,male,12-19,164,15296613.12249,0.0,True,WTSB2YR,0.3548404723310719,0.4,0.6,0.8,1.1,1.7252046362206175,2.0
J,2017_2018,sm_pfos,LBXMFOS,male,20-39,229,40232151.93553001,0.008733624454148471,True,WTSB2YR,0.4,0.5,0.9,1.4,2.1,3.0,3.4
J,2017_2018,sm_pfos,LBXMFOS,male,40-59,255,38986369.558975,0.011764705882352941,True,WTSB2YR,0.8,0.9,1.3,1.8,3.0354092953862195,3.6725407575487763,4.502230389418174
J,2017_2018,sm_pfos,LBXMFOS,male,60_plus,304,28714474.078939997,0.01644736842105263,True,WTSB2YR,0.5,1.0,1.9,3.0,4.4,6.147709807754924,7.09235021652758
J,2017_2018,sm_pfos,LBXMFOS,male,all_ages,952,123229608.695935,0.01050420168067227,True,WTSB2YR,0.4,0.635587242448108,1.0,1.7,2.892118346855399,3.9,5.1686195966695285
P,2017_2020,n_pfoa,LBXNFOA,all,12-19,521,33819853.98283,0.0,True,WTSBAPRP,0.5,0.6,0.7,1.0,1.4,2.0,2.3132514453315274
P,2017_2020,n_pfoa,LBXNFOA,all,20-39,769,86628047.652376,0.007802340702210663,True,WTSBAPRP,0.4,0.5,0.7,1.2,1.7,2.3,2.8
P,2017_2020,n_pfoa,LBXNFOA,all,40-59,852,82164387.058604,0.0035211267605633804,True,WTSBAPRP,0.5,0.6,0.9,1.3,2.0,3.0,3.6
P,2017_2020,n_pfoa,LBXNFOA,all,60_plus,930,71657058.321361,0.005376344086021506,True,WTSBAPRP,0.5,0.8,1.2,1.8,2.5,3.4,4.3
P,2017_2020,n_pfoa,LBXNFOA,all,all_ages,3072,274269347.015171,0.004557291666666667,True,WTSBAPRP,0.4,0.6,0.9,1.3,2.0,2.9,3.5
P,2017_2020,n_pfoa,LBXNFOA,female,12-19,250,16521123.015159,0.0,True,WTSBAPRP,0.4,0.5,0.7,0.9,1.4,2.0,2.472474042674243
P,2017_2020,n_pfoa,LBXNFOA,female,20-39,433,43540906.743569,0.006928406466512702,True,WTSBAPRP,0.3,0.4,0.6,0.8,1.4,2.1,2.5
P,2017_2020,n_pfoa,LBXNFOA,female,40-59,428,42131179.999914,0.002336448598130841,True,WTSBAPRP,0.4,0.5,0.8,1.1,1.9,3.001773495642994,3.6
P,2017_2020,n_pfoa,LBXNFOA,female,60_plus,455,39068588.233408004,0.002197802197802198,True,WTSBAPRP,0.5,0.8,1.117067777086355,1.7775796970367763,2.511399063696864,3.5,4.4
P,2017_2020,n_pfoa,LBXNFOA,female,all_ages,1566,141261797.99205,0.0031928480204342275,True,WTSBAPRP,0.4,0.5,0.7,1.2,1.9,2.9,3.554795149158707
P,2017_2020,n_pfoa,LBXNFOA,male,12-19,271,17298730.967671,0.0,True,WTSBAPRP,0.6,0.7,0.88717335124225,1.1,1.6,2.0,2.323130190576366
P,2017_2020,n_pfoa,LBXNFOA,male,20-39,336,43087140.908806995,0.008928571428571428,True,WTSBAPRP,0.5,0.7,1.0,1.4,1.9,2.4,3.2
P,2017_2020,n_pfoa,LBXNFOA,male,40-59,424,40033207.05869,0.0047169811320754715,True,WTSBAPRP,0.7,0.8,1.1,1.5,2.1,2.9,3.6
P,2017_2020,n_pfoa,LBXNFOA,male,60_plus,475,32588470.087952998,0.008421052631578947,True,WTSBAPRP,0.5,0.7,1.2,1.9,2.5,3.4,4.1
P,2017_2020,n_pfoa,LBXNFOA,male,all_ages,1506,133007549.023121,0.00597609561752988,True,WTSBAPRP,0.6,0.7,1.0,1.5,2.0,2.8,3.5
P,2017_2020,n_pfos,LBXNFOS,all,12-19,521,33819853.98283,0.0,True,WTSBAPRP,0.7,0.8,1.1,1.7,2.6,3.9,6.1
P,2017_2020,n_pfos,LBXNFOS,all,20-39,769,86628047.652376,0.0039011703511053317,True,WTSBAPRP,0.7,0.9,1.4,2.2,3.655051941920817,5.51559402678484,6.7
P,2017_2020,n_pfos,LBXNFOS,all,40-59,852,82164387.058604,0.007042253521126761,True,WTSBAPRP,0.8,1.0,1.7,2.929318533085508,4.955698787190179,7.946037282366021,11.0
P,2017_2020,n_pfos,LBXNFOS,all,60_plus,930,71657058.321361,0.004301075268817204,True,WTSBAPRP,1.2,1.6,2.6,4.4,7.114344015988391,10.856481931112747,14.1
P,2017_2020,n_pfos,LBXNFOS,all,all_ages,3072,274269347.015171,0.004231770833333333,True,WTSBAPRP,0.7,1.0,1.6,2.7,4.8,7.7,10.395778541325512
P,2017_2020,n_pfos,LBXNFOS,female,12-19,250,16521123.015159,0.0,True,WTSBAPRP,0.5129339851576541,0.7,1.0,1.4,2.1,3.5,6.040420812007871
P,2017_2020,n_pfos,LBXNFOS,female,20-39,433,43540906.743569,0.004618937644341801,True,WTSBAPRP,0.6,0.8,1.1,1.7,2.5,3.881676055043643,5.736757777447344
P,2017_2020,n_pfos,LBXNFOS,female,40-59,428,42131179.999914,0.004672897196261682,True,WTSBAPRP,0.7,0.8,1.3,2.1,4.060568503040464,6.0,9.345261744866328
P,2017_2020,n_pfos,LBXNFOS,female,60_plus,455,39068588.233408004,0.002197802197802198,True,WTSBAPRP,1.0,1.4,2.1,3.6,6.209050615690405,9.7,11.8
P,2017_2020,n_pfos,LBXNFOS,female,all_ages,1566,141261797.99205,0.0031928480204342275,True,WTSBAPRP,0.6281983492887883,0.8,1.3,2.1,3.8,6.5,9.25318364428052
P,2017_2020,n_pfos,LBXNFOS,male,12-19,271,17298730.967671,0.0,True,WTSBAPRP,0.8,0.9,1.2,2.0,2.8,4.3,5.9
P,2017_2020,n_pfos,LBXNFOS,male,20-39,336,43087140.908806995,0.002976190476190476,True,WTSBAPRP,1.0,1.2,1.8,2.7,4.7,6.015329517470063,7.2
P,2017_2020,n_pfos,LBXNFOS,male,40-59,424,40033207.05869,0.009433962264150943,True,WTSBAPRP,1.3,1.7,2.5,3.8,5.7,9.180007839809823,11.3
P,2017_2020,n_pfos,LBXNFOS,male,60_plus,475,32588470.087952998,0.00631578947368421,True,WTSBAPRP,1.2,2.0,3.2,5.2,9.126895647067057,13.004373874048763,16.102801710005092
P,2017_2020,n_pfos,LBXNFOS,male,all_ages,1506,133007549.023121,0.005312084993359893,True,WTSBAPRP,1.0,1.3,2.1,3.4,5.6,9.2,11.674789666363838
P,2017_2020,sb_pfoa,LBXBFOA,all,12-19,521,33819853.98283,0.9193857965451055,True,WTSBAPRP,0.07,0.07,0.07,0.07,0.07,0.07,0.1
P,2017_2020,sb_pfoa,LBXBFOA,all,20-39,769,86628047.652376,0.9466840052015605,True,WTSBAPRP,0.07,0.07,0.07,0.07,0.07,0.07,0.1
P,2017_2020,sb_pfoa,LBXBFOA,all,40-59,852,82164387.058604,0.9401408450704225,True,WTSBAPRP,0.07,0.07,0.07,0.07,0.07,0.07,0.07
P,2017_2020,sb_pfoa,LBXBFOA,all,60_plus,930,71657058.321361,0.9376344086021505,True,WTSBAPRP,0.07,0.07,0.07,0.07,0.07,0.07,0.1
P,2017_2020,sb_pfoa,LBXBFOA,all,all_ages,3072,274269347.015171,0.9375,True,WTSBAPRP,0.07,0.07,0.07,0.07,0.07,0.07,0.1
P,2017_2020,sb_pfoa,LBXBFOA,female,12-19,250,16521123.015159,0.936,True,WTSBAPRP,0.07,0.07,0.07,0.07,0.07,0.07,0.07
P,2017_2020,sb_pfoa,LBXBFOA,female,20-39,433,43540906.743569,0.9584295612009238,True,WTSBAPRP,0.07,0.07,0.07,0.07,0.07,0.07,0.07
P,2017_2020,sb_pfoa,LBXBFOA,female,40-59,428,42131179.999914,0.9439252336448598,True,WTSBAPRP,0.07,0.07,0.07,0.07,0.07,0.07,0.07
P,2017_2020,sb_pfoa,LBXBFOA,female,60_plus,455,39068588.233408004,0.9384615384615385,True,WTSBAPRP,0.07,0.07,0.07,0.07,0.07,0.07,0.1
P,2017_2020,sb_pfoa,LBXBFOA,female,all_ages,1566,141261797.99205,0.9450830140485313,True,WTSBAPRP,0.07,0.07,0.07,0.07,0.07,0.07,0.07
P,2017_2020,sb_pfoa,LBXBFOA,male,12-19,271,17298730.967671,0.9040590405904059,True,WTSBAPRP,0.07,0.07,0.07,0.07,0.07,0.07,0.1
P,2017_2020,sb_pfoa,LBXBFOA,male,20-39,336,43087140.908806995,0.9315476190476191,True,WTSBAPRP,0.07,0.07,0.07,0.07,0.07,0.07,0.1421499704175212
P,2017_2020,sb_pfoa,LBXBFOA,male,40-59,424,40033207.05869,0.9363207547169812,True,WTSBAPRP,0.07,0.07,0.07,0.07,0.07,0.07,0.1
P,2017_2020,sb_pfoa,LBXBFOA,male,60_plus,475,32588470.087952998,0.9368421052631579,True,WTSBAPRP,0.07,0.07,0.07,0.07,0.07,0.07,0.1
P,2017_2020,sb_pfoa,LBXBFOA,male,all_ages,1506,133007549.023121,0.9296148738379814,True,WTSBAPRP,0.07,0.07,0.07,0.07,0.07,0.07,0.1
P,2017_2020,sm_pfos,LBXMFOS,all,12-19,521,33819853.98283,0.003838771593090211,True,WTSBAPRP,0.3,0.3,0.4,0.6,0.9,1.5,2.030723505766754
P,2017_2020,sm_pfos,LBXMFOS,all,20-39,769,86628047.652376,0.01950585175552666,True,WTSBAPRP,0.2,0.3,0.5,0.9,1.4,2.2,2.8843974814992053
P,2017_2020,sm_pfos,LBXMFOS,all,40-59,852,82164387.058604,0.015258215962441314,True,WTSBAPRP,0.3,0.4,0.7,1.3,2.0,3.2,3.8
P,2017_2020,sm_pfos,LBXMFOS,all,60_plus,930,71657058.321361,0.011827956989247311,True,WTSBAPRP,0.5,0.7798975264021472,1.2,2.2,3.4,5.2,6.6
P,2017_2020,sm_pfos,LBXMFOS,all,all_ages,3072,274269347.015171,0.013346354166666666,True,WTSBAPRP,0.3,0.4,0.6,1.2,2.1,3.4,4.5
P,2017_2020,sm_pfos,LBXMFOS,female,12-19,250,16521123.015159,0.008,True,WTSBAPRP,0.2,0.3,0.4,0.5,0.7,1.1823026139948274,2.12571457562143
P,2017_2020,sm_pfos,LBXMFOS,female,20-39,433,43540906.743569,0.018475750577367205,True,WTSBAPRP,0.2,0.3,0.4,0.6,0.9,1.3,1.7
P,2017_2020,sm_pfos,LBXMFOS,female,40-59,428,42131179.999914,0.014018691588785047,True,WTSBAPRP,0.2,0.3,0.5,0.8,1.5,2.3,2.8
P,2017_2020,sm_pfos,LBXMFOS,female,60_plus,455,39068588.233408004,0.006593406593406593,True,WTSBAPRP,0.5,0.7,1.1,1.9,2.8105570108026563,5.001428626288298,5.8850192390942135
P,2017_2020,sm_pfos,LBXMFOS,female,all_ages,1566,141261797.99205,0.012132822477650063,True,WTSBAPRP,0.2,0.3,0.5,0.8,1.6,2.7193918253568716,3.8
P,2017_2020,sm_pfos,LBXMFOS,male,12-19,271,17298730.967671,0.0,True,WTSBAPRP,0.3,0.4,0.5,0.7,1.1,1.611550218821279,2.0
P,2017_2020,sm_pfos,LBXMFOS,male,20-39,336,43087140.908806995,0.020833333333333332,True,WTSBAPRP,0.3,0.5,0.8,1.2,1.9,2.7,3.4
P,2017_2020,sm_pfos,LBXMFOS,male,40-59,424,40033207.05869,0.01650943396226415,True,WTSBAPRP,0.7,0.8,1.2,1.7836882758708372,2.7,3.6,4.6
P,2017_2020,sm_pfos,LBXMFOS,male,60_plus,475,32588470.087952998,0.016842105263157894,True,WTSBAPRP,0.6,0.9,1.6,2.7,3.9,5.9,6.796540206568464
P,2017_2020,sm_pfos,LBXMFOS,male,all_ages,1506,133007549.023121,0.014608233731739707,True,WTSBAPRP,0.4,0.6,0.9,1.5,2.6,3.7,5.1
