cycle,cycle_dir,analyte_id,analyte_column,sex,age_group,n,pct_below_lod,weighted,weight_column,p5,p10,p25,p50,p75,p90,p95
I,2015_2016,n_pfoa,LBXNFOA,all,12-19,353,0.0028328611898017,False,,0.5,0.6,0.8,1.1,1.5,2.1800000000000015,2.7
I,2015_2016,n_pfoa,LBXNFOA,all,20-39,549,0.014571948998178506,False,,0.3,0.4,0.8,1.3,1.9,2.7,3.4
I,2015_2016,n_pfoa,LBXNFOA,all,40-59,555,0.005405405405405406,False,,0.4,0.6,1.0,1.5,2.3,3.3,4.1299999999999955
I,2015_2016,n_pfoa,LBXNFOA,all,60_plus,536,0.007462686567164179,False,,0.6,0.8,1.3,1.9,2.8,4.0,5.1
I,2015_2016,n_pfoa,LBXNFOA,all,all_ages,1993,0.008028098344204716,False,,0.4,0.6,0.9,1.4,2.2,3.2,4.039999999999986
I,2015_2016,n_pfoa,LBXNFOA,female,12-19,159,0.0,False,,0.5,0.6,0.7,0.9,1.3,2.020000000000002,2.4
I,2015_2016,n_pfoa,LBXNFOA,female,20-39,279,0.017921146953405017,False,,0.2,0.3,0.6,0.9,1.4,2.2,2.7
I,2015_2016,n_pfoa,LBXNFOA,female,40-59,308,0.003246753246753247,False,,0.4,0.5,0.8,1.3,1.9249999999999998,3.1300000000000012,4.029999999999995
I,2015_2016,n_pfoa,LBXNFOA,female,60_plus,283,0.007067137809187279,False,,0.6,0.8,1.2,1.9,2.8,4.080000000000001,6.369999999999994
I,2015_2016,n_pfoa,LBXNFOA,female,all_ages,1029,0.007774538386783284,False,,0.3,0.5,0.7,1.2,2.0,3.1,4.0
I,2015_2016,n_pfoa,LBXNFOA,male,12-19,194,0.005154639175257732,False,,0.6,0.7300000000000001,1.0,1.2,1.6,2.3400000000000034,2.769999999999999
I,2015_2016,n_pfoa,LBXNFOA,male,20-39,270,0.011111111111111112,False,,0.7,0.9,1.2,1.7,2.3,3.0199999999999987,3.854999999999998
I,2015_2016,n_pfoa,LBXNFOA,male,40-59,247,0.008097165991902834,False,,0.7,1.0,1.3,2.0,2.6,3.5,4.2399999999999975
I,2015_2016,n_pfoa,LBXNFOA,male,60_plus,253,0.007905138339920948,False,,0.6,0.8,1.3,1.9,2.7,3.6,4.7399999999999975
I,2015_2016,n_pfoa,LBXNFOA,male,all_ages,964,0.008298755186721992,False,,0.6,0.9,1.2,1.7,2.4,3.2,4.08499999999999
I,2015_2016,n_pfos,LBXNFOS,all,12-19,353,0.0028328611898017,False,,0.8,0.9200000000000003,1.4,1.9,2.9,4.4,5.439999999999998
I,2015_2016,n_pfos,LBXNFOS,all,20-39,549,0.01092896174863388,False,,0.6,0.9,1.5,2.5,4.2,6.8199999999999985,8.560000000000002
I,2015_2016,n_pfos,LBXNFOS,all,40-59,555,0.0036036036036036037,False,,0.9,1.2,2.1,3.6,6.1,10.9,16.61999999999998
I,2015_2016,n_pfos,LBXNFOS,all,60_plus,536,0.0037313432835820895,False,,1.1,2.0,3.275,5.5,9.0,16.25,23.6
I,2015_2016,n_pfos,LBXNFOS,all,all_ages,1993,0.0055193176116407425,False,,0.8,1.1,1.8,3.1,5.7,10.1,15.6
I,2015_2016,n_pfos,LBXNFOS,female,12-19,159,0.0,False,,0.7,0.8,1.1,1.7,2.3,3.620000000000002,4.8
I,2015_2016,n_pfos,LBXNFOS,female,20-39,279,0.017921146953405017,False,,0.49000000000000005,0.7,1.1,1.8,2.8,4.320000000000002,6.3
I,2015_2016,n_pfos,LBXNFOS,female,40-59,308,0.003246753246753247,False,,0.7350000000000001,1.0700000000000003,1.6,2.75,4.3,8.1,11.894999999999992
I,2015_2016,n_pfos,LBXNFOS,female,60_plus,283,0.0035335689045936395,False,,1.1,1.7,2.8,4.7,7.5,14.600000000000005,19.79
I,2015_2016,n_pfos,LBXNFOS,female,all_ages,1029,0.006802721088435374,False,,0.7,0.9,1.4,2.5,4.5,8.1,13.3
I,2015_2016,n_pfos,LBXNFOS,male,12-19,194,0.005154639175257732,False,,0.9650000000000001,1.1,1.5,2.3,3.2,4.750000000000009,6.334999999999999
I,2015_2016,n_pfos,LBXNFOS,male,20-39,270,0.003703703703703704,False,,1.3,1.6,2.3,3.6,5.5,7.719999999999999,9.154999999999998
I,2015_2016,n_pfos,LBXNFOS,male,40-59,247,0.004048582995951417,False,,1.6300000000000001,2.1,3.1,4.8,8.45,14.340000000000002,19.779999999999994
I,2015_2016,n_pfos,LBXNFOS,male,60_plus,253,0.003952569169960474,False,,1.3200000000000003,2.3200000000000003,4.0,6.5,10.6,16.6,28.179999999999986
I,2015_2016,n_pfos,LBXNFOS,male,all_ages,964,0.004149377593360996,False,,1.1,1.5,2.4,4.0,7.2,11.470000000000004,16.584999999999994
I,2015_2016,sb_pfoa,LBXBFOA,all,12-19,353,0.9971671388101983,False,,0.07,0.07,0.07,0.07,0.07,0.07,0.07
I,2015_2016,sb_pfoa,LBXBFOA,all,20-39,549,0.9872495446265938,False,,0.07,0.07,0.07,0.07,0.07,0.07,0.07
I,2015_2016,sb_pfoa,LBXBFOA,all,40-59,555,0.9819819819819819,False,,0.07,0.07,0.07,0.07,0.07,0.07,0.07
I,2015_2016,sb_pfoa,LBXBFOA,all,60_plus,536,0.9589552238805971,False,,0.07,0.07,0.07,0.07,0.07,0.07,0.07
I,2015_2016,sb_pfoa,LBXBFOA,all,all_ages,1993,0.9799297541394882,False,,0.07,0.07,0.07,0.07,0.07,0.07,0.07
I,2015_2016,sb_pfoa,LBXBFOA,female,12-19,159,1.0,False,,0.07,0.07,0.07,0.07,0.07,0.07,0.07
I,2015_2016,sb_pfoa,LBXBFOA,female,20-39,279,0.996415770609319,False,,0.07,0.07,0.07,0.07,0.07,0.07,0.07
I,2015_2016,sb_pfoa,LBXBFOA,female,40-59,308,0.9805194805194806,False,,0.07,0.07,0.07,0.07,0.07,0.07,0.07
I,2015_2016,sb_pfoa,LBXBFOA,female,60_plus,283,0.9611307420494699,False,,0.07,0.07,0.07,0.07,0.07,0.07,0.07
I,2015_2016,sb_pfoa,LBXBFOA,female,all_ages,1029,0.9825072886297376,False,,0.07,0.07,0.07,0.07,0.07,0.07,0.07
I,2015_2016,sb_pfoa,LBXBFOA,male,12-19,194,0.9948453608247423,False,,0.07,0.07,0.07,0.07,0.07,0.07,0.07
I,2015_2016,sb_pfoa,LBXBFOA,male,20-39,270,0.9777777777777777,False,,0.07,0.07,0.07,0.07,0.07,0.07,0.07
I,2015_2016,sb_pfoa,LBXBFOA,male,40-59,247,0.9838056680161943,False,,0.07,0.07,0.07,0.07,0.07,0.07,0.07
I,2015_2016,sb_pfoa,LBXBFOA,male,60_plus,253,0.9565217391304348,False,,0.07,0.07,0.07,0.07,0.07,0.07,0.07
I,2015_2016,sb_pfoa,LBXBFOA,male,all_ages,964,0.9771784232365145,False,,0.07,0.07,0.07,0.07,0.07,0.07,0.07
I,2015_2016,sm_pfos,LBXMFOS,all,12-19,353,0.0028328611898017,False,,0.3,0.4,0.5,0.8,1.1,1.5,2.0
I,2015_2016,sm_pfos,LBXMFOS,all,20-39,549,0.025500910746812388,False,,0.2,0.3,0.6,1.0,1.7,2.5,3.360000000000002
I,2015_2016,sm_pfos,LBXMFOS,all,40-59,555,0.009009009009009009,False,,0.3,0.4,0.8,1.6,2.8,4.1,5.429999999999995
I,2015_2016,sm_pfos,LBXMFOS,all,60_plus,536,0.005597014925373134,False,,0.6,0.9,1.6,2.5,4.3,6.05,7.35
I,2015_2016,sm_pfos,LBXMFOS,all,all_ages,1993,0.01154039136979428,False,,0.3,0.4,0.7,1.4,2.5,4.2,5.5
I,2015_2016,sm_pfos,LBXMFOS,female,12-19,159,0.0,False,,0.3,0.3,0.5,0.6,0.9,1.1,1.3099999999999994
I,2015_2016,sm_pfos,LBXMFOS,female,20-39,279,0.03225806451612903,False,,0.1,0.2,0.4,0.6,1.0,1.6,1.8
I,2015_2016,sm_pfos,LBXMFOS,female,40-59,308,0.00974025974025974,False,,0.23500000000000015,0.4,0.6,1.0,1.7,2.530000000000001,3.7
I,2015_2016,sm_pfos,LBXMFOS,female,60_plus,283,0.0035335689045936395,False,,0.6,0.8,1.4,2.3,3.8,5.580000000000001,7.049999999999988
I,2015_2016,sm_pfos,LBXMFOS,female,all_ages,1029,0.012633624878522837,False,,0.2,0.3,0.5,1.0,1.8,3.4200000000000044,4.8
I,2015_2016,sm_pfos,LBXMFOS,male,12-19,194,0.005154639175257732,False,,0.36500000000000005,0.5,0.6,0.9,1.2,1.8,2.1
I,2015_2016,sm_pfos,LBXMFOS,male,20-39,270,0.018518518518518517,False,,0.6,0.7900000000000003,1.0,1.5,2.275,3.3,3.854999999999998
I,2015_2016,sm_pfos,LBXMFOS,male,40-59,247,0.008097165991902834,False,,0.8,1.0600000000000003,1.6,2.6,3.6500000000000004,5.340000000000001,6.579999999999996
I,2015_2016,sm_pfos,LBXMFOS,male,60_plus,253,0.007905138339920948,False,,0.6,1.0200000000000002,1.9,3.1,4.5,6.660000000000003,7.679999999999995
I,2015_2016,sm_pfos,LBXMFOS,male,all_ages,964,0.01037344398340249,False,,0.5,0.6,1.0,1.8,3.2,4.8,6.0
J,2017_2018,n_pfoa,LBXNFOA,all,12-19,313,0.0,False,,0.5,0.6,0.7,1.0,1.4,1.9,2.4399999999999977
J,2017_2018,n_pfoa,LBXNFOA,all,20-39,499,0.006012024048096192,False,,0.3,0.4,0.6,1.1,1.6,2.3,2.9099999999999966
J,2017_2018,n_pfoa,LBXNFOA,all,40-59,513,0.001949317738791423,False,,0.4,0.6,0.9,1.3,2.0,3.0,3.8799999999999955
J,2017_2018,n_pfoa,LBXNFOA,all,60_plus,604,0.004966887417218543,False,,0.5,0.7,1.1,1.7,2.4,3.5,4.285000000000002
J,2017_2018,n_pfoa,LBXNFOA,all,all_ages,1929,0.0036288232244686366,False,,0.4,0.5,0.8,1.3,2.0,2.9,3.7
J,2017_2018,n_pfoa,LBXNFOA,female,12-19,149,0.0,False,,0.4,0.5,0.6,0.8,1.2,1.8,2.1599999999999997
J,2017_2018,n_pfoa,LBXNFOA,female,20-39,270,0.003703703703703704,False,,0.3,0.3,0.5,0.8,1.3,1.8099999999999994,2.7
J,2017_2018,n_pfoa,LBXNFOA,female,40-59,258,0.0,False,,0.4,0.5,0.7,1.1,1.675,2.7,3.614999999999998
J,2017_2018,n_pfoa,LBXNFOA,female,60_plus,300,0.0033333333333333335,False,,0.5,0.7,1.0,1.6,2.4,3.3100000000000023,4.105
J,2017_2018,n_pfoa,LBXNFOA,female,all_ages,977,0.0020470829068577278,False,,0.38000000000000045,0.4,0.7,1.1,1.7,2.7,3.6
J,2017_2018,n_pfoa,LBXNFOA,male,12-19,164,0.0,False,,0.6,0.7,0.9,1.2,1.6,2.1,2.6
J,2017_2018,n_pfoa,LBXNFOA,male,20-39,229,0.008733624454148471,False,,0.5,0.7,1.0,1.3,1.9,2.6,3.2599999999999993
J,2017_2018,n_pfoa,LBXNFOA,male,40-59,255,0.00392156862745098,False,,0.6,0.7,1.1,1.5,2.3,3.3,4.0299999999999985
J,2017_2018,n_pfoa,LBXNFOA,male,60_plus,304,0.006578947368421052,False,,0.5,0.7,1.2,1.8,2.525,3.5,4.384999999999997
J,2017_2018,n_pfoa,LBXNFOA,male,all_ages,952,0.005252100840336135,False,,0.5,0.7,1.0,1.4,2.1,3.1,3.8899999999999864
J,2017_2018,n_pfos,LBXNFOS,all,12-19,313,0.0,False,,0.7600000000000001,0.9,1.2,1.7,2.6,3.6,5.279999999999996
J,2017_2018,n_pfos,LBXNFOS,all,20-39,499,0.004008016032064128,False,,0.6,0.8,1.4,2.3,3.7,5.9,7.409999999999997
J,2017_2018,n_pfos,LBXNFOS,all,40-59,513,0.001949317738791423,False,,0.8,1.1,1.8,3.2,5.5,9.6,13.479999999999995
J,2017_2018,n_pfos,LBXNFOS,all,60_plus,604,0.004966887417218543,False,,1.215,1.7,2.9,4.85,8.825000000000001,14.7,21.225000000000012
J,2017_2018,n_pfos,LBXNFOS,all,all_ages,1929,0.003110419906687403,False,,0.7,1.0,1.7,3.0,5.4,9.8,14.5
J,2017_2018,n_pfos,LBXNFOS,female,12-19,149,0.0,False,,0.7,0.8,1.0,1.4,2.0,3.3,3.5599999999999996
J,2017_2018,n_pfos,LBXNFOS,female,20-39,270,0.003703703703703704,False,,0.5450000000000002,0.7,1.1,1.8,2.875,4.2,5.954999999999998
J,2017_2018,n_pfos,LBXNFOS,female,40-59,258,0.0,False,,0.6,0.9,1.5,2.3,4.425,6.7800000000000065,14.619999999999981
J,2017_2018,n_pfos,LBXNFOS,female,60_plus,300,0.0033333333333333335,False,,1.2950000000000002,1.4900000000000002,2.5,3.95,6.825,12.400000000000023,17.310000000000002
J,2017_2018,n_pfos,LBXNFOS,female,all_ages,977,0.0020470829068577278,False,,0.6,0.9,1.4,2.3,4.1,7.4,12.719999999999994
J,2017_2018,n_pfos,LBXNFOS,male,12-19,164,0.0,False,,0.8150000000000001,1.0,1.4,2.05,2.8,4.440000000000003,7.204999999999993
J,2017_2018,n_pfos,LBXNFOS,male,20-39,229,0.004366812227074236,False,,1.1,1.3,2.1,3.2,4.8,6.8,8.62
J,2017_2018,n_pfos,LBXNFOS,male,40-59,255,0.00392156862745098,False,,1.2,1.6,2.7,4.0,6.4,10.0,13.189999999999994
J,2017_2018,n_pfos,LBXNFOS,male,60_plus,304,0.006578947368421052,False,,1.215,2.2,3.5,5.65,9.65,16.2,22.95499999999999
J,2017_2018,n_pfos,LBXNFOS,male,all_ages,952,0.004201680672268907,False,,1.0,1.3,2.2,3.7,6.3,10.979999999999995,15.544999999999993
J,2017_2018,sb_pfoa,LBXBFOA,all,12-19,313,0.865814696485623,False,,0.07,0.07,0.07,0.07,0.07,0.1,0.2
J,2017_2018,sb_pfoa,LBXBFOA,all,20-39,499,0.9178356713426854,False,,0.07,0.07,0.07,0.07,0.07,0.07,0.1
J,2017_2018,sb_pfoa,LBXBFOA,all,40-59,513,0.9005847953216374,False,,0.07,0.07,0.07,0.07,0.07,0.07,0.13999999999999774
J,2017_2018,sb_pfoa,LBXBFOA,all,60_plus,604,0.9039735099337748,False,,0.07,0.07,0.07,0.07,0.07,0.07,0.2
J,2017_2018,sb_pfoa,LBXBFOA,all,all_ages,1929,0.9004665629860031,False,,0.07,0.07,0.07,0.07,0.07,0.07,0.2
J,2017_2018,sb_pfoa,LBXBFOA,female,12-19,149,0.8926174496644296,False,,0.07,0.07,0.07,0.07,0.07,0.1,0.2
J,2017_2018,sb_pfoa,LBXBFOA,female,20-39,270,0.9333333333333333,False,,0.07,0.07,0.07,0.07,0.07,0.07,0.1
J,2017_2018,sb_pfoa,LBXBFOA,female,40-59,258,0.9069767441860465,False,,0.07,0.07,0.07,0.07,0.07,0.07,0.1
J,2017_2018,sb_pfoa,LBXBFOA,female,60_plus,300,0.9066666666666666,False,,0.07,0.07,0.07,0.07,0.07,0.07,0.2
J,2017_2018,sb_pfoa,LBXBFOA,female,all_ages,977,0.9119754350051177,False,,0.07,0.07,0.07,0.07,0.07,0.07,0.2
J,2017_2018,sb_pfoa,LBXBFOA,male,12-19,164,0.8414634146341463,False,,0.07,0.07,0.07,0.07,0.07,0.1,0.2
J,2017_2018,sb_pfoa,LBXBFOA,male,20-39,229,0.8995633187772926,False,,0.07,0.07,0.07,0.07,0.07,0.07600000000000051,0.15999999999999945
J,2017_2018,sb_pfoa,LBXBFOA,male,40-59,255,0.8941176470588236,False,,0.07,0.07,0.07,0.07,0.07,0.1,0.2
J,2017_2018,sb_pfoa,LBXBFOA,male,60_plus,304,0.9013157894736842,False,,0.07,0.07,0.07,0.07,0.07,0.07,0.2
J,2017_2018,sb_pfoa,LBXBFOA,male,all_ages,952,0.8886554621848739,False,,0.07,0.07,0.07,0.07,0.07,0.1,0.2
J,2017_2018,sm_pfos,LBXMFOS,all,12-19,313,0.0,False,,0.3,0.3,0.4,0.6,0.9,1.480000000000001,1.9
J,2017_2018,sm_pfos,LBXMFOS,all,20-39,499,0.006012024048096192,False,,0.2,0.3,0.5,0.8,1.4,2.2,2.7
J,2017_2018,sm_pfos,LBXMFOS,all,40-59,513,0.011695906432748537,False,,0.3,0.4,0.7,1.3,2.2,3.3,4.139999999999998
J,2017_2018,sm_pfos,LBXMFOS,all,60_plus,604,0.011589403973509934,False,,0.6,0.7,1.375,2.3,3.8,5.9,7.285000000000002
J,2017_2018,sm_pfos,LBXMFOS,all,all_ages,1929,0.00829445308449974,False,,0.3,0.4,0.6,1.2,2.2,3.8,5.3
J,2017_2018,sm_pfos,LBXMFOS,female,12-19,149,0.0,False,,0.3,0.3,0.4,0.5,0.7,0.9,1.4
J,2017_2018,sm_pfos,LBXMFOS,female,20-39,270,0.003703703703703704,False,,0.2,0.2,0.3,0.6,0.9,1.3,1.7
J,2017_2018,sm_pfos,LBXMFOS,female,40-59,258,0.011627906976744186,False,,0.2,0.3,0.5,0.8,1.3,2.330000000000001,2.914999999999998
J,2017_2018,sm_pfos,LBXMFOS,female,60_plus,300,0.006666666666666667,False,,0.5,0.7,1.175,1.95,3.4,5.2,6.705000000000001
J,2017_2018,sm_pfos,LBXMFOS,female,all_ages,977,0.006141248720573183,False,,0.2,0.3,0.5,0.8,1.7,3.2,4.4
J,2017_2018,sm_pfos,LBXMFOS,male,12-19,164,0.0,False,,0.31500000000000006,0.4,0.5,0.75,1.1,1.6700000000000017,2.0
J,2017_2018,sm_pfos,LBXMFOS,male,20-39,229,0.008733624454148471,False,,0.3,0.5,0.9,1.3,1.9,2.6,3.3599999999999994
J,2017_2018,sm_pfos,LBXMFOS,male,40-59,255,0.011764705882352941,False,,0.6,0.9,1.2,1.8,2.8,4.0,5.359999999999997
J,2017_2018,sm_pfos,LBXMFOS,male,60_plus,304,0.01644736842105263,False,,0.6,0.8,1.7,2.8,4.225,6.2,7.584999999999996
J,2017_2018,sm_pfos,LBXMFOS,male,all_ages,952,0.01050420168067227,False,,0.4,0.5,0.9,1.6,2.8,4.4,5.8449999999999935
P,2017_2020,n_pfoa,LBXNFOA,all,12-19,521,0.0,False,,0.5,0.6,0.7,1.0,1.4,1.9,2.4
P,2017_2020,n_pfoa,LBXNFOA,all,20-39,769,0.007802340702210663,False,,0.3,0.4,0.6,1.0,1.5,2.3,2.9
P,2017_2020,n_pfoa,LBXNFOA,all,40-59,852,0.0035211267605633804,False,,0.4,0.6,0.875,1.3,2.0,2.9,3.7
P,2017_2020,n_pfoa,LBXNFOA,all,60_plus,930,0.005376344086021506,False,,0.5,0.7,1.1,1.75,2.5,3.5100000000000025,4.454999999999996
P,2017_2020,n_pfoa,LBXNFOA,all,all_ages,3072,0.004557291666666667,False,,0.4,0.5,0.8,1.3,1.9,2.9,3.7
P,2017_2020,n_pfoa,LBXNFOA,female,12-19,250,0.0,False,,0.4,0.5,0.6,0.8,1.2,1.8,2.1549999999999985
P,2017_2020,n_pfoa,LBXNFOA,female,20-39,433,0.006928406466512702,False,,0.2,0.3,0.5,0.8,1.2,1.8,2.5
P,2017_2020,n_pfoa,LBXNFOA,female,40-59,428,0.002336448598130841,False,,0.4,0.5,0.7,1.1,1.7,2.7,3.6
P,2017_2020,n_pfoa,LBXNFOA,female,60_plus,455,0.002197802197802198,False,,0.5,0.7,1.1,1.7,2.45,3.6,4.429999999999995
P,2017_2020,n_pfoa,LBXNFOA,female,all_ages,1566,0.0031928480204342275,False,,0.4,0.5,0.7,1.1,1.8,2.7,3.6
P,2017_2020,n_pfoa,LBXNFOA,male,12-19,271,0.0,False,,0.6,0.7,0.9,1.1,1.6,2.1,2.6
P,2017_2020,n_pfoa,LBXNFOA,male,20-39,336,0.008928571428571428,False,,0.4,0.6,0.9,1.3,1.9,2.6,3.225
P,2017_2020,n_pfoa,LBXNFOA,male,40-59,424,0.0047169811320754715,False,,0.6,0.7,1.1,1.5,2.2,3.0,3.8849999999999967
P,2017_2020,n_pfoa,LBXNFOA,male,60_plus,475,0.008421052631578947,False,,0.5,0.7,1.1,1.8,2.5,3.5,4.429999999999995
P,2017_2020,n_pfoa,LBXNFOA,male,all_ages,1506,0.00597609561752988,False,,0.5,0.7,1.0,1.4,2.1,3.0,3.8
P,2017_2020,n_pfos,LBXNFOS,all,12-19,521,0.0,False,,0.6,0.8,1.1,1.6,2.5,3.6,5.7
P,2017_2020,n_pfos,LBXNFOS,all,20-39,769,0.0039011703511053317,False,,0.5400000000000006,0.8,1.2,2.0,3.3,5.5,7.259999999999991
P,2017_2020,n_pfos,LBXNFOS,all,40-59,852,0.007042253521126761,False,,0.7,0.9100000000000009,1.7,3.0,5.225,9.589999999999998,13.4
P,2017_2020,n_pfos,LBXNFOS,all,60_plus,930,0.004301075268817204,False,,1.2,1.5,2.6,4.6,8.2,13.920000000000005,19.764999999999986
P,2017_2020,n_pfos,LBXNFOS,all,all_ages,3072,0.004231770833333333,False,,0.7,0.9,1.5,2.7,5.1,9.4,13.644999999999982
P,2017_2020,n_pfos,LBXNFOS,female,12-19,250,0.0,False,,0.5,0.7,0.9,1.4,1.9,3.3,4.264999999999995
P,2017_2020,n_pfos,LBXNFOS,female,20-39,433,0.004618937644341801,False,,0.5,0.7,1.0,1.6,2.4,3.7,5.3799999999999955
P,2017_2020,n_pfos,LBXNFOS,female,40-59,428,0.004672897196261682,False,,0.6,0.8,1.3,2.1,4.2,7.6,13.854999999999984
P,2017_2020,n_pfos,LBXNFOS,female,60_plus,455,0.002197802197802198,False,,1.1400000000000006,1.4,2.3,3.9,6.7,12.3,17.429999999999996
P,2017_2020,n_pfos,LBXNFOS,female,all_ages,1566,0.0031928480204342275,False,,0.6,0.8,1.3,2.1,3.9,7.4,12.375
P,2017_2020,n_pfos,LBXNFOS,male,12-19,271,0.0,False,,0.8,0.9,1.2,1.9,2.75,4.3,6.05
P,2017_2020,n_pfos,LBXNFOS,male,20-39,336,0.002976190476190476,False,,0.7,1.1,1.8,2.7,4.4,6.7,8.825
P,2017_2020,n_pfos,LBXNFOS,male,40-59,424,0.009433962264150943,False,,1.0,1.5,2.3,3.7,6.125,9.969999999999999,13.039999999999987
P,2017_2020,n_pfos,LBXNFOS,male,60_plus,475,0.00631578947368421,False,,1.2,1.9,3.1,5.2,9.149999999999999,14.960000000000003,22.529999999999998
P,2017_2020,n_pfos,LBXNFOS,male,all_ages,1506,0.005312084993359893,False,,0.9,1.2,2.0,3.4,5.975,10.3,14.674999999999999
P,2017_2020,sb_pfoa,LBXBFOA,all,12-19,521,0.9193857965451055,False,,0.07,0.07,0.07,0.07,0.07,0.07,0.2
P,2017_2020,sb_pfoa,LBXBFOA,all,20-39,769,0.9466840052015605,False,,0.07,0.07,0.07,0.07,0.07,0.07,0.1
P,2017_2020,sb_pfoa,LBXBFOA,all,40-59,852,0.9401408450704225,False,,0.07,0.07,0.07,0.07,0.07,0.07,0.1
P,2017_2020,sb_pfoa,LBXBFOA,all,60_plus,930,0.9376344086021505,False,,0.07,0.07,0.07,0.07,0.07,0.07,0.1
P,2017_2020,sb_pfoa,LBXBFOA,all,all_ages,3072,0.9375,False,,0.07,0.07,0.07,0.07,0.07,0.07,0.1
P,2017_2020,sb_pfoa,LBXBFOA,female,12-19,250,0.936,False,,0.07,0.07,0.07,0.07,0.07,0.07,0.1
P,2017_2020,sb_pfoa,LBXBFOA,female,20-39,433,0.9584295612009238,False,,0.07,0.07,0.07,0.07,0.07,0.07,0.07
P,2017_2020,sb_pfoa,LBXBFOA,female,40-59,428,0.9439252336448598,False,,0.07,0.07,0.07,0.07,0.07,0.07,0.1
P,2017_2020,sb_pfoa,LBXBFOA,female,60_plus,455,0.9384615384615385,False,,0.07,0.07,0.07,0.07,0.07,0.07,0.1
P,2017_2020,sb_pfoa,LBXBFOA,female,all_ages,1566,0.9450830140485313,False,,0.07,0.07,0.07,0.07,0.07,0.07,0.1
P,2017_2020,sb_pfoa,LBXBFOA,male,12-19,271,0.9040590405904059,False,,0.07,0.07,0.07,0.07,0.07,0.07,0.2
P,2017_2020,sb_pfoa,LBXBFOA,male,20-39,336,0.9315476190476191,False,,0.07,0.07,0.07,0.07,0.07,0.07,0.1
P,2017_2020,sb_pfoa,LBXBFOA,male,40-59,424,0.9363207547169812,False,,0.07,0.07,0.07,0.07,0.07,0.07,0.1
P,2017_2020,sb_pfoa,LBXBFOA,male,60_plus,475,0.9368421052631579,False,,0.07,0.07,0.07,0.07,0.07,0.07,0.1
P,2017_2020,sb_pfoa,LBXBFOA,male,all_ages,1506,0.9296148738379814,False,,0.07,0.07,0.07,0.07,0.07,0.07,0.1
P,2017_2020,sm_pfos,LBXMFOS,all,12-19,521,0.003838771593090211,False,,0.3,0.3,0.4,0.6,0.9,1.3,1.6
P,2017_2020,sm_pfos,LBXMFOS,all,20-39,769,0.01950585175552666,False,,0.2,0.3,0.4,0.7,1.2,2.0,2.6
P,2017_2020,sm_pfos,LBXMFOS,all,40-59,852,0.015258215962441314,False,,0.3,0.4,0.6,1.2,2.0,3.2,4.0
P,2017_2020,sm_pfos,LBXMFOS,all,60_plus,930,0.011827956989247311,False,,0.5,0.7,1.2,2.1,3.575,5.6,6.8
P,2017_2020,sm_pfos,LBXMFOS,all,all_ages,3072,0.013346354166666666,False,,0.3,0.3,0.6,1.1,2.1,3.6,5.044999999999981
P,2017_2020,sm_pfos,LBXMFOS,female,12-19,250,0.008,False,,0.2,0.3,0.4,0.5,0.7,0.9,1.3
P,2017_2020,sm_pfos,LBXMFOS,female,20-39,433,0.018475750577367205,False,,0.2,0.2,0.3,0.5,0.8,1.2,1.4
P,2017_2020,sm_pfos,LBXMFOS,female,40-59,428,0.014018691588785047,False,,0.2,0.3,0.4,0.8,1.3,2.2300000000000013,2.9649999999999976
P,2017_2020,sm_pfos,LBXMFOS,female,60_plus,455,0.006593406593406593,False,,0.5,0.7,1.1,1.9,3.25,5.160000000000002,6.6
P,2017_2020,sm_pfos,LBXMFOS,female,all_ages,1566,0.012132822477650063,False,,0.2,0.3,0.4,0.8,1.5,2.9,4.2
P,2017_2020,sm_pfos,LBXMFOS,male,12-19,271,0.0,False,,0.3,0.4,0.5,0.7,1.0,1.5,2.0
P,2017_2020,sm_pfos,LBXMFOS,male,20-39,336,0.020833333333333332,False,,0.3,0.4,0.8,1.2,1.8,2.6,3.3249999999999997
P,2017_2020,sm_pfos,LBXMFOS,male,40-59,424,0.01650943396226415,False,,0.6,0.8,1.1,1.7,2.6,3.7,4.584999999999996
P,2017_2020,sm_pfos,LBXMFOS,male,60_plus,475,0.016842105263157894,False,,0.6,0.8,1.5,2.5,3.8,5.860000000000002,7.1
P,2017_2020,sm_pfos,LBXMFOS,male,all_ages,1506,0.014608233731739707,False,,0.4,0.5,0.8,1.5,2.6,4.0,5.5
