source_org,document_type,document_id,url,local_path,sha256,matrix_domain,intended_use,limitations
NIST,SRM,SRM 1957,https://tsapps.nist.gov/srmext/certificates/1957.pdf,data/reference/nist/srm1957/serum_pfas.csv,ce5fc87a6a1e875af4fcc8df4cbffe6919fd6939f9dedb6e4f0af7b3d199f52f,physiological_serum,"Software benchmarking; analyte and uncertainty metadata for reconstituted human serum (Table A2 non-certified mass fractions).","Non-certified values only; not for regulatory compliance or certified-property claims. Matrix is serum — do not merge with environmental or calibration-line datasets."
NIST,SRM,SRM 1957,https://tsapps.nist.gov/srmext/certificates/1957.pdf,data/reference/nist_srm1957_pfas_reference.csv,4c5080e6c9b0cda3a3583ddbf92d1aed36a03c672e2082b9d9581c3ce5563868,physiological_serum,"Extended row-level metadata (isomers, traceability text) for the same Table A2 consensus values as the slim serum file.","Same limitations as Table A2 non-certified data; maintain separation from non-serum matrices."
NIST,RM,RM 8446,https://shop.nist.gov/ccrz__ProductList?categoryId=a0l3d0000005KqIAAU&cclcl=en_US,data/reference/nist/rm8446/methanol_pfas.csv,b70bedbd23edf602b4625f774e69c4d4f4444ff6cb89ce3c4764f64d25d10c82,methanol_calibration,"Calibration and process-control reference for LC-MS/MS workflows; analyte mapping in methanol matrix.","Not a field or exposure matrix; not wet-lab PT. Values non-certified; verify current NIST documentation before operational lab use."
NIST,RM,RM 8690,https://www.nist.gov/publications/characterization-reference-materials-8690-8693,data/reference/nist/rm8690/afff_pfas.csv,18b2dc99b6d9ff1b2c8e6fb783c93a5433c393226e275b68438b203bbfe65b74,AFFF_foam,"AFFF / foam-associated PFAS profile; environmental and forensic context (e.g. PFOS-dominant patterns).","Foam formulation matrix — not drinking water, serum, or generic soil. Non-certified; do not infer site concentrations without matching sampling and prep context."
EPA,dataset,OTM-50 FW_TO 2023,https://doi.org/10.23719/1531897,data/external/epa_otm50/FW_TO_OTM-50data_2023.xlsx,3638342d9ef7cc09fc8846e3a68a4c699970cefb5d23299a4b2f3be24604cdba,air_emissions,"Stack-gas PFAS measurements at a fluoropolymer manufacturer (thermal-oxidizer controls, 2023); industrial source characterization and air-emission ML features.","Single-facility OTM-50 (Other Test Method) dataset; not EPA-promulgated compliance method, not ambient air, not drinking water, not biosolids. Do not merge with UCMR, NHANES, ICIS-NPDES, or NIST reference rows."
EPA,dataset,OTM-50 FW_VEN 2023,https://doi.org/10.23719/1531897,data/external/epa_otm50/FW_VEN_OTM-50data_2023.xlsx,e02ddd26aaa8823ae6bc670caa60f07127b152c8b4c167816a065dc22c9eae88,air_emissions,"Vent-stream PFAS measurements at a fluoropolymer manufacturer (2023); industrial source characterization.","Single-facility OTM-50 dataset; air-emissions matrix only. Same separation rules as the FW_TO row."
EPA,dataset,OTM-50 FW_VES 2024,https://doi.org/10.23719/1531897,data/external/epa_otm50/FW_VES_OTM-50data_2024.xlsx,e0ced630fcb38ab83cb6cf99ae680740ed4ba1d43e6331c4b13b3b0064a4d4bc,air_emissions,"Vessel / process PFAS measurements at a fluoropolymer manufacturer (2024); industrial source characterization.","Single-facility OTM-50 dataset; air-emissions matrix only. Same separation rules as the FW_TO row."
EPA,derived,ICIS-AIR PFAS pollutant rows,https://echo.epa.gov/tools/data-downloads,data/processed/epa_icis_air/icis_air_pfas_pollutants.csv,55e4444773a260241468cb2636d63cc366a2fb5ac033df08070790f3cf16337b,air_program_reference,"PFAS-flagged rows extracted from EPA ICIS-AIR_POLLUTANTS.csv via scripts/filter_icis_air_pfas.py. Two rows (EPA aggregate PERFLUOROCARBONS code 300000288, CAS 308069-13-8); facility linkage and air-program context.","Program-reporting metadata, not analytical concentrations. The matched CAS is the EPA aggregate Perfluorocarbons (fluorinated GHGs CF4/C2F6/C3F8), NOT a drinking-water-class PFAS analyte; do not conflate with PFOA/PFOS targets. Do not merge with OTM-50, UCMR, NHANES, NPDES DMR, or NIST rows."
EPA,derived,ICIS-AIR PFAS facility rollup,https://echo.epa.gov/tools/data-downloads,data/processed/epa_icis_air/icis_air_pfas_facility_rollup.csv,2adaafbadd843433e652627ced25dab5f38e73e0348430cde47fc1ab3b6cdf9f,air_program_reference,"Facility x analyte rollup of icis_air_pfas_pollutants.csv. Two distinct (pgm_sys_id, pollutant_code, pollutant_desc) tuples for join-key use in the Shiny app.","Same governance caveats as the row-level file; carries no units or concentrations."
EPA,dataset,ICIS-NPDES Biosolids bulk export,https://echo.epa.gov/tools/data-downloads,data/raw/epa_icis_npdes/npdes_biosolids_downloads.zip,2d6c117cd514c791811cb31b97a342110bdfdf399c102fbc487686662c150b77,biosolids_sludge,"EPA ECHO ICIS-NPDES biosolids facility / permit / compliance bulk export (NPDES_BIOSOLIDS_PERMITS, INSPECTIONS, SEV_VIOLATIONS, FORMAL_ACTIONS, INFML_ENF_ACTIONS).","Program metadata only (permits, inspections, violations, enforcement actions) — NOT nationwide PFAS-in-biosolids concentrations. Analytical PFAS context for this matrix comes from EPA Method 1633(A). Do not merge with UCMR, NHANES, OTM-50, ICIS-AIR, or NIST rows."
EPA,derived,biosolids_sludge lane training table,internal,data/training/biosolids_sludge/training.csv,fc7c3ed968e80ef76c0b309346121edac49d2afbdeec3359d8297af2f4c6e2d3,biosolids_sludge,"Per-lane training output of scripts/run_matrix_pipeline.py --lane biosolids_sludge. One row per BIOSOLIDS_FLAG='Y' permit (12449) + 1 EPA Method 1633A metadata anchor row; matrix_governance_note carries per-facility compliance counts (inspections, severe_violations, formal_actions, informal_actions).","Rows are program metadata + method metadata, not PFAS measurements. Use as the biosolids matrix label space + compliance enrichment, never pooled with other pipeline_lane lanes."
internal,ad_model,drinking_water AD model,internal,data/ad_models/drinking_water/ad_model.json,a83f74d9452c0d1521362aeab7f085e9421fc1d78b163f08fd1d1195d1bbeaa2,drinking_water,"Per-analyte log10 envelope AD model for the drinking_water lane (built from UCMR5 detects). Used by scripts/apply_ad_guard.py for hard refusal of out-of-domain predictions.","Bound to the drinking_water lane only; never use to gate predictions for any other matrix. Rebuild after the lane's training.csv changes."
internal,ad_model,serum AD model,internal,data/ad_models/serum/ad_model.json,92bc6d3e5bc42c36414cc1d14ab2fe602a397de574ff373f309c382faeafc802,serum,"Per-analyte log10 envelope AD model for the serum lane (NHANES + SRM 1957). Used for hard refusal at prediction time.","Bound to the serum lane only; do not reuse for any other matrix."
internal,ad_model,biosolids_sludge AD model,internal,data/ad_models/biosolids_sludge/ad_model.json,977915c0782d0f782aa8395d0b79b611dc4276c41e9c88c5e9960c2026c83fe8,biosolids_sludge,"Categorical-coverage AD model for the biosolids_sludge lane (state / method / matrix coverage). Explicitly refuses concentration-claim rows (value_type='field_measurement') because this lane is governance/enrichment only.","Different AD semantics from value-based lanes: no numerical envelope, only categorical membership; do not reuse for analytical lanes."
internal,ad_model,afff AD model,internal,data/ad_models/afff/ad_model.json,5b86a3a866e96825f2ffcc07804923b265bd024e1aba8033e3e553e56fa02e5e,AFFF_foam,"Per-analyte AD model for the afff lane (NIST RM 8690). Most analytes have n=1 detects (sparse) and trigger 'sparse_training' warnings; unseen analytes are rejected.","Reference-material space only; do not gate field foam concentrations with this small envelope."
internal,ad_model,methanol_standards AD model,internal,data/ad_models/methanol_standards/ad_model.json,5be0e03833326660f944f96eef39c64f76a9fb5cdd1d01f3bbf4901a1499ef35,methanol_calibration,"Per-analyte AD model for the methanol_standards lane (NIST RM 8446). Sparse training envelope (n=1 per analyte); used for calibration-space membership checks.","Calibration-style reference space only; not transferrable to field matrices."
internal,ad_model,air_emissions AD model,internal,data/ad_models/air_emissions/ad_model.json,c3ab48aa80c592a7e207db8cb96ad3681279447d78405471952ddf3529da3998,air_emissions,"Per-analyte AD model for the air_emissions lane (EPA OTM-50 stack measurements). Mixed-unit envelope (ug/m3 and ng/l-per-ppb forms preserved separately); some analytes have only ND or single-value detects which correctly trigger refusal or sparse warnings.","Bound to OTM-50 air-emissions stack chemistry; not portable to ambient air, drinking water, or biosolids."
