threshold,precision_detect,recall_detect,f1_detect,predicted_positive_rate,flags_per_10k,false_positives,true_positives,false_positives_per_true_positive
0.0,0.8215,1.0,0.9020038429865496,1.0,10000.0,357,1643,0.2172854534388314
0.001,0.8215,1.0,0.9020038429865496,1.0,10000.0,357,1643,0.2172854534388314
0.002,0.8215,1.0,0.9020038429865496,1.0,10000.0,357,1643,0.2172854534388314
0.003,0.8215,1.0,0.9020038429865496,1.0,10000.0,357,1643,0.2172854534388314
0.004,0.8215,1.0,0.9020038429865496,1.0,10000.0,357,1643,0.2172854534388314
0.005,0.8215,1.0,0.9020038429865496,1.0,10000.0,357,1643,0.2172854534388314
0.006,0.8215,1.0,0.9020038429865496,1.0,10000.0,357,1643,0.2172854534388314
0.007,0.8215,1.0,0.9020038429865496,1.0,10000.0,357,1643,0.2172854534388314
0.008,0.8215,1.0,0.9020038429865496,1.0,10000.0,357,1643,0.2172854534388314
0.009000000000000001,0.8215,1.0,0.9020038429865496,1.0,10000.0,357,1643,0.2172854534388314
0.01,0.8215,1.0,0.9020038429865496,1.0,10000.0,357,1643,0.2172854534388314
0.011,0.8215,1.0,0.9020038429865496,1.0,10000.0,357,1643,0.2172854534388314
0.012,0.8215,1.0,0.9020038429865496,1.0,10000.0,357,1643,0.2172854534388314
0.013000000000000001,0.8215,1.0,0.9020038429865496,1.0,10000.0,357,1643,0.2172854534388314
0.014,0.8215,1.0,0.9020038429865496,1.0,10000.0,357,1643,0.2172854534388314
0.015,0.8215,1.0,0.9020038429865496,1.0,10000.0,357,1643,0.2172854534388314
0.016,0.8215,1.0,0.9020038429865496,1.0,10000.0,357,1643,0.2172854534388314
0.017,0.8215,1.0,0.9020038429865496,1.0,10000.0,357,1643,0.2172854534388314
0.018000000000000002,0.8215,1.0,0.9020038429865496,1.0,10000.0,357,1643,0.2172854534388314
0.019,0.8215,1.0,0.9020038429865496,1.0,10000.0,357,1643,0.2172854534388314
0.02,0.8215,1.0,0.9020038429865496,1.0,10000.0,357,1643,0.2172854534388314
0.021,0.8215,1.0,0.9020038429865496,1.0,10000.0,357,1643,0.2172854534388314
0.022,0.8215,1.0,0.9020038429865496,1.0,10000.0,357,1643,0.2172854534388314
0.023,0.8215,1.0,0.9020038429865496,1.0,10000.0,357,1643,0.2172854534388314
0.024,0.8215,1.0,0.9020038429865496,1.0,10000.0,357,1643,0.2172854534388314
0.025,0.8215,1.0,0.9020038429865496,1.0,10000.0,357,1643,0.2172854534388314
0.026000000000000002,0.8215,1.0,0.9020038429865496,1.0,10000.0,357,1643,0.2172854534388314
0.027,0.8215,1.0,0.9020038429865496,1.0,10000.0,357,1643,0.2172854534388314
0.028,0.8215,1.0,0.9020038429865496,1.0,10000.0,357,1643,0.2172854534388314
0.029,0.8215,1.0,0.9020038429865496,1.0,10000.0,357,1643,0.2172854534388314
0.03,0.8215,1.0,0.9020038429865496,1.0,10000.0,357,1643,0.2172854534388314
0.031,0.8215,1.0,0.9020038429865496,1.0,10000.0,357,1643,0.2172854534388314
0.032,0.8215,1.0,0.9020038429865496,1.0,10000.0,357,1643,0.2172854534388314
0.033,0.8215,1.0,0.9020038429865496,1.0,10000.0,357,1643,0.2172854534388314
0.034,0.8215,1.0,0.9020038429865496,1.0,10000.0,357,1643,0.2172854534388314
0.035,0.8215,1.0,0.9020038429865496,1.0,10000.0,357,1643,0.2172854534388314
0.036000000000000004,0.8215,1.0,0.9020038429865496,1.0,10000.0,357,1643,0.2172854534388314
0.037,0.8215,1.0,0.9020038429865496,1.0,10000.0,357,1643,0.2172854534388314
0.038,0.8215,1.0,0.9020038429865496,1.0,10000.0,357,1643,0.2172854534388314
0.039,0.8215,1.0,0.9020038429865496,1.0,10000.0,357,1643,0.2172854534388314
0.04,0.8215,1.0,0.9020038429865496,1.0,10000.0,357,1643,0.2172854534388314
0.041,0.8215,1.0,0.9020038429865496,1.0,10000.0,357,1643,0.2172854534388314
0.042,0.8215,1.0,0.9020038429865496,1.0,10000.0,357,1643,0.2172854534388314
0.043000000000000003,0.8215,1.0,0.9020038429865496,1.0,10000.0,357,1643,0.2172854534388314
0.044,0.8215,1.0,0.9020038429865496,1.0,10000.0,357,1643,0.2172854534388314
0.045,0.8215,1.0,0.9020038429865496,1.0,10000.0,357,1643,0.2172854534388314
0.046,0.8215,1.0,0.9020038429865496,1.0,10000.0,357,1643,0.2172854534388314
0.047,0.8215,1.0,0.9020038429865496,1.0,10000.0,357,1643,0.2172854534388314
0.048,0.8215,1.0,0.9020038429865496,1.0,10000.0,357,1643,0.2172854534388314
0.049,0.8215,1.0,0.9020038429865496,1.0,10000.0,357,1643,0.2172854534388314
0.05,0.8215,1.0,0.9020038429865496,1.0,10000.0,357,1643,0.2172854534388314
0.051000000000000004,0.8215,1.0,0.9020038429865496,1.0,10000.0,357,1643,0.2172854534388314
0.052000000000000005,0.8215,1.0,0.9020038429865496,1.0,10000.0,357,1643,0.2172854534388314
0.053,0.8215,1.0,0.9020038429865496,1.0,10000.0,357,1643,0.2172854534388314
0.054,0.8215,1.0,0.9020038429865496,1.0,10000.0,357,1643,0.2172854534388314
0.055,0.8215,1.0,0.9020038429865496,1.0,10000.0,357,1643,0.2172854534388314
0.056,0.8215,1.0,0.9020038429865496,1.0,10000.0,357,1643,0.2172854534388314
0.057,0.8215,1.0,0.9020038429865496,1.0,10000.0,357,1643,0.2172854534388314
0.058,0.8215,1.0,0.9020038429865496,1.0,10000.0,357,1643,0.2172854534388314
0.059000000000000004,0.8215,1.0,0.9020038429865496,1.0,10000.0,357,1643,0.2172854534388314
0.06,0.8215,1.0,0.9020038429865496,1.0,10000.0,357,1643,0.2172854534388314
0.061,0.8215,1.0,0.9020038429865496,1.0,10000.0,357,1643,0.2172854534388314
0.062,0.8215,1.0,0.9020038429865496,1.0,10000.0,357,1643,0.2172854534388314
0.063,0.8215,1.0,0.9020038429865496,1.0,10000.0,357,1643,0.2172854534388314
0.064,0.8215,1.0,0.9020038429865496,1.0,10000.0,357,1643,0.2172854534388314
0.065,0.8215,1.0,0.9020038429865496,1.0,10000.0,357,1643,0.2172854534388314
0.066,0.8215,1.0,0.9020038429865496,1.0,10000.0,357,1643,0.2172854534388314
0.067,0.8215,1.0,0.9020038429865496,1.0,10000.0,357,1643,0.2172854534388314
0.068,0.8215,1.0,0.9020038429865496,1.0,10000.0,357,1643,0.2172854534388314
0.069,0.8215,1.0,0.9020038429865496,1.0,10000.0,357,1643,0.2172854534388314
0.07,0.8215,1.0,0.9020038429865496,1.0,10000.0,357,1643,0.2172854534388314
0.07100000000000001,0.8215,1.0,0.9020038429865496,1.0,10000.0,357,1643,0.2172854534388314
0.07200000000000001,0.8215,1.0,0.9020038429865496,1.0,10000.0,357,1643,0.2172854534388314
0.073,0.8215,1.0,0.9020038429865496,1.0,10000.0,357,1643,0.2172854534388314
0.074,0.8215,1.0,0.9020038429865496,1.0,10000.0,357,1643,0.2172854534388314
0.075,0.8215,1.0,0.9020038429865496,1.0,10000.0,357,1643,0.2172854534388314
0.076,0.8215,1.0,0.9020038429865496,1.0,10000.0,357,1643,0.2172854534388314
0.077,0.8215,1.0,0.9020038429865496,1.0,10000.0,357,1643,0.2172854534388314
0.078,0.8215,1.0,0.9020038429865496,1.0,10000.0,357,1643,0.2172854534388314
0.079,0.8215,1.0,0.9020038429865496,1.0,10000.0,357,1643,0.2172854534388314
0.08,0.8215,1.0,0.9020038429865496,1.0,10000.0,357,1643,0.2172854534388314
0.081,0.8215,1.0,0.9020038429865496,1.0,10000.0,357,1643,0.2172854534388314
0.082,0.8215,1.0,0.9020038429865496,1.0,10000.0,357,1643,0.2172854534388314
0.083,0.8215,1.0,0.9020038429865496,1.0,10000.0,357,1643,0.2172854534388314
0.084,0.8215,1.0,0.9020038429865496,1.0,10000.0,357,1643,0.2172854534388314
0.085,0.8215,1.0,0.9020038429865496,1.0,10000.0,357,1643,0.2172854534388314
0.08600000000000001,0.8215,1.0,0.9020038429865496,1.0,10000.0,357,1643,0.2172854534388314
0.08700000000000001,0.8215,1.0,0.9020038429865496,1.0,10000.0,357,1643,0.2172854534388314
0.088,0.8215,1.0,0.9020038429865496,1.0,10000.0,357,1643,0.2172854534388314
0.089,0.8215,1.0,0.9020038429865496,1.0,10000.0,357,1643,0.2172854534388314
0.09,0.8215,1.0,0.9020038429865496,1.0,10000.0,357,1643,0.2172854534388314
0.091,0.8215,1.0,0.9020038429865496,1.0,10000.0,357,1643,0.2172854534388314
0.092,0.8215,1.0,0.9020038429865496,1.0,10000.0,357,1643,0.2172854534388314
0.093,0.8215,1.0,0.9020038429865496,1.0,10000.0,357,1643,0.2172854534388314
0.094,0.8215,1.0,0.9020038429865496,1.0,10000.0,357,1643,0.2172854534388314
0.095,0.8215,1.0,0.9020038429865496,1.0,10000.0,357,1643,0.2172854534388314
0.096,0.8215,1.0,0.9020038429865496,1.0,10000.0,357,1643,0.2172854534388314
0.097,0.8215,1.0,0.9020038429865496,1.0,10000.0,357,1643,0.2172854534388314
0.098,0.8215,1.0,0.9020038429865496,1.0,10000.0,357,1643,0.2172854534388314
0.099,0.8215,1.0,0.9020038429865496,1.0,10000.0,357,1643,0.2172854534388314
0.1,0.8215,1.0,0.9020038429865496,1.0,10000.0,357,1643,0.2172854534388314
0.101,0.8215,1.0,0.9020038429865496,1.0,10000.0,357,1643,0.2172854534388314
0.10200000000000001,0.8215,1.0,0.9020038429865496,1.0,10000.0,357,1643,0.2172854534388314
0.10300000000000001,0.8215,1.0,0.9020038429865496,1.0,10000.0,357,1643,0.2172854534388314
0.10400000000000001,0.8215,1.0,0.9020038429865496,1.0,10000.0,357,1643,0.2172854534388314
0.105,0.8215,1.0,0.9020038429865496,1.0,10000.0,357,1643,0.2172854534388314
0.106,0.8215,1.0,0.9020038429865496,1.0,10000.0,357,1643,0.2172854534388314
0.107,0.8215,1.0,0.9020038429865496,1.0,10000.0,357,1643,0.2172854534388314
0.108,0.8215,1.0,0.9020038429865496,1.0,10000.0,357,1643,0.2172854534388314
0.109,0.8215,1.0,0.9020038429865496,1.0,10000.0,357,1643,0.2172854534388314
0.11,0.8215,1.0,0.9020038429865496,1.0,10000.0,357,1643,0.2172854534388314
0.111,0.8215,1.0,0.9020038429865496,1.0,10000.0,357,1643,0.2172854534388314
0.112,0.8215,1.0,0.9020038429865496,1.0,10000.0,357,1643,0.2172854534388314
0.113,0.8215,1.0,0.9020038429865496,1.0,10000.0,357,1643,0.2172854534388314
0.114,0.8215,1.0,0.9020038429865496,1.0,10000.0,357,1643,0.2172854534388314
0.115,0.8215,1.0,0.9020038429865496,1.0,10000.0,357,1643,0.2172854534388314
0.116,0.8215,1.0,0.9020038429865496,1.0,10000.0,357,1643,0.2172854534388314
0.117,0.8215,1.0,0.9020038429865496,1.0,10000.0,357,1643,0.2172854534388314
0.11800000000000001,0.8215,1.0,0.9020038429865496,1.0,10000.0,357,1643,0.2172854534388314
0.11900000000000001,0.8215,1.0,0.9020038429865496,1.0,10000.0,357,1643,0.2172854534388314
0.12,0.8215,1.0,0.9020038429865496,1.0,10000.0,357,1643,0.2172854534388314
0.121,0.8215,1.0,0.9020038429865496,1.0,10000.0,357,1643,0.2172854534388314
0.122,0.8215,1.0,0.9020038429865496,1.0,10000.0,357,1643,0.2172854534388314
0.123,0.8215,1.0,0.9020038429865496,1.0,10000.0,357,1643,0.2172854534388314
0.124,0.8215,1.0,0.9020038429865496,1.0,10000.0,357,1643,0.2172854534388314
0.125,0.8215,1.0,0.9020038429865496,1.0,10000.0,357,1643,0.2172854534388314
0.126,0.8215,1.0,0.9020038429865496,1.0,10000.0,357,1643,0.2172854534388314
0.127,0.8215,1.0,0.9020038429865496,1.0,10000.0,357,1643,0.2172854534388314
0.128,0.8215,1.0,0.9020038429865496,1.0,10000.0,357,1643,0.2172854534388314
0.129,0.8215,1.0,0.9020038429865496,1.0,10000.0,357,1643,0.2172854534388314
0.13,0.8215,1.0,0.9020038429865496,1.0,10000.0,357,1643,0.2172854534388314
0.131,0.8215,1.0,0.9020038429865496,1.0,10000.0,357,1643,0.2172854534388314
0.132,0.8215,1.0,0.9020038429865496,1.0,10000.0,357,1643,0.2172854534388314
0.133,0.8215,1.0,0.9020038429865496,1.0,10000.0,357,1643,0.2172854534388314
0.134,0.8215,1.0,0.9020038429865496,1.0,10000.0,357,1643,0.2172854534388314
0.135,0.8215,1.0,0.9020038429865496,1.0,10000.0,357,1643,0.2172854534388314
0.136,0.8215,1.0,0.9020038429865496,1.0,10000.0,357,1643,0.2172854534388314
0.137,0.8215,1.0,0.9020038429865496,1.0,10000.0,357,1643,0.2172854534388314
0.138,0.8215,1.0,0.9020038429865496,1.0,10000.0,357,1643,0.2172854534388314
0.139,0.8215,1.0,0.9020038429865496,1.0,10000.0,357,1643,0.2172854534388314
0.14,0.8215,1.0,0.9020038429865496,1.0,10000.0,357,1643,0.2172854534388314
0.14100000000000001,0.8215,1.0,0.9020038429865496,1.0,10000.0,357,1643,0.2172854534388314
0.14200000000000002,0.8215,1.0,0.9020038429865496,1.0,10000.0,357,1643,0.2172854534388314
0.14300000000000002,0.8215,1.0,0.9020038429865496,1.0,10000.0,357,1643,0.2172854534388314
0.14400000000000002,0.8215,1.0,0.9020038429865496,1.0,10000.0,357,1643,0.2172854534388314
0.145,0.8215,1.0,0.9020038429865496,1.0,10000.0,357,1643,0.2172854534388314
0.146,0.8215,1.0,0.9020038429865496,1.0,10000.0,357,1643,0.2172854534388314
0.147,0.8215,1.0,0.9020038429865496,1.0,10000.0,357,1643,0.2172854534388314
0.148,0.8215,1.0,0.9020038429865496,1.0,10000.0,357,1643,0.2172854534388314
0.149,0.8215,1.0,0.9020038429865496,1.0,10000.0,357,1643,0.2172854534388314
0.15,0.8215,1.0,0.9020038429865496,1.0,10000.0,357,1643,0.2172854534388314
0.151,0.8215,1.0,0.9020038429865496,1.0,10000.0,357,1643,0.2172854534388314
0.152,0.8215,1.0,0.9020038429865496,1.0,10000.0,357,1643,0.2172854534388314
0.153,0.8215,1.0,0.9020038429865496,1.0,10000.0,357,1643,0.2172854534388314
0.154,0.8215,1.0,0.9020038429865496,1.0,10000.0,357,1643,0.2172854534388314
0.155,0.8215,1.0,0.9020038429865496,1.0,10000.0,357,1643,0.2172854534388314
0.156,0.8215,1.0,0.9020038429865496,1.0,10000.0,357,1643,0.2172854534388314
0.157,0.8215,1.0,0.9020038429865496,1.0,10000.0,357,1643,0.2172854534388314
0.158,0.8215,1.0,0.9020038429865496,1.0,10000.0,357,1643,0.2172854534388314
0.159,0.8215,1.0,0.9020038429865496,1.0,10000.0,357,1643,0.2172854534388314
0.16,0.8215,1.0,0.9020038429865496,1.0,10000.0,357,1643,0.2172854534388314
0.161,0.8215,1.0,0.9020038429865496,1.0,10000.0,357,1643,0.2172854534388314
0.162,0.8215,1.0,0.9020038429865496,1.0,10000.0,357,1643,0.2172854534388314
0.163,0.8215,1.0,0.9020038429865496,1.0,10000.0,357,1643,0.2172854534388314
0.164,0.8215,1.0,0.9020038429865496,1.0,10000.0,357,1643,0.2172854534388314
0.165,0.8215,1.0,0.9020038429865496,1.0,10000.0,357,1643,0.2172854534388314
0.166,0.8215,1.0,0.9020038429865496,1.0,10000.0,357,1643,0.2172854534388314
0.167,0.8215,1.0,0.9020038429865496,1.0,10000.0,357,1643,0.2172854534388314
0.168,0.8215,1.0,0.9020038429865496,1.0,10000.0,357,1643,0.2172854534388314
0.169,0.8215,1.0,0.9020038429865496,1.0,10000.0,357,1643,0.2172854534388314
0.17,0.8215,1.0,0.9020038429865496,1.0,10000.0,357,1643,0.2172854534388314
0.171,0.8215,1.0,0.9020038429865496,1.0,10000.0,357,1643,0.2172854534388314
0.17200000000000001,0.8215,1.0,0.9020038429865496,1.0,10000.0,357,1643,0.2172854534388314
0.17300000000000001,0.8215,1.0,0.9020038429865496,1.0,10000.0,357,1643,0.2172854534388314
0.17400000000000002,0.8215,1.0,0.9020038429865496,1.0,10000.0,357,1643,0.2172854534388314
0.17500000000000002,0.8215,1.0,0.9020038429865496,1.0,10000.0,357,1643,0.2172854534388314
0.176,0.8215,1.0,0.9020038429865496,1.0,10000.0,357,1643,0.2172854534388314
0.177,0.8215,1.0,0.9020038429865496,1.0,10000.0,357,1643,0.2172854534388314
0.178,0.8215,1.0,0.9020038429865496,1.0,10000.0,357,1643,0.2172854534388314
0.179,0.8215,1.0,0.9020038429865496,1.0,10000.0,357,1643,0.2172854534388314
0.18,0.8215,1.0,0.9020038429865496,1.0,10000.0,357,1643,0.2172854534388314
0.181,0.8215,1.0,0.9020038429865496,1.0,10000.0,357,1643,0.2172854534388314
0.182,0.8215,1.0,0.9020038429865496,1.0,10000.0,357,1643,0.2172854534388314
0.183,0.8215,1.0,0.9020038429865496,1.0,10000.0,357,1643,0.2172854534388314
0.184,0.8215,1.0,0.9020038429865496,1.0,10000.0,357,1643,0.2172854534388314
0.185,0.8215,1.0,0.9020038429865496,1.0,10000.0,357,1643,0.2172854534388314
0.186,0.8215,1.0,0.9020038429865496,1.0,10000.0,357,1643,0.2172854534388314
0.187,0.8215,1.0,0.9020038429865496,1.0,10000.0,357,1643,0.2172854534388314
0.188,0.8215,1.0,0.9020038429865496,1.0,10000.0,357,1643,0.2172854534388314
0.189,0.8215,1.0,0.9020038429865496,1.0,10000.0,357,1643,0.2172854534388314
0.19,0.8215,1.0,0.9020038429865496,1.0,10000.0,357,1643,0.2172854534388314
0.191,0.8215,1.0,0.9020038429865496,1.0,10000.0,357,1643,0.2172854534388314
0.192,0.8215,1.0,0.9020038429865496,1.0,10000.0,357,1643,0.2172854534388314
0.193,0.8215,1.0,0.9020038429865496,1.0,10000.0,357,1643,0.2172854534388314
0.194,0.8215,1.0,0.9020038429865496,1.0,10000.0,357,1643,0.2172854534388314
0.195,0.8215,1.0,0.9020038429865496,1.0,10000.0,357,1643,0.2172854534388314
0.196,0.8215,1.0,0.9020038429865496,1.0,10000.0,357,1643,0.2172854534388314
0.197,0.8215,1.0,0.9020038429865496,1.0,10000.0,357,1643,0.2172854534388314
0.198,0.8215,1.0,0.9020038429865496,1.0,10000.0,357,1643,0.2172854534388314
0.199,0.8215,1.0,0.9020038429865496,1.0,10000.0,357,1643,0.2172854534388314
0.2,0.8215,1.0,0.9020038429865496,1.0,10000.0,357,1643,0.2172854534388314
0.201,0.8215,1.0,0.9020038429865496,1.0,10000.0,357,1643,0.2172854534388314
0.202,0.8215,1.0,0.9020038429865496,1.0,10000.0,357,1643,0.2172854534388314
0.203,0.8215,1.0,0.9020038429865496,1.0,10000.0,357,1643,0.2172854534388314
0.20400000000000001,0.8215,1.0,0.9020038429865496,1.0,10000.0,357,1643,0.2172854534388314
0.20500000000000002,0.8215,1.0,0.9020038429865496,1.0,10000.0,357,1643,0.2172854534388314
0.20600000000000002,0.8215,1.0,0.9020038429865496,1.0,10000.0,357,1643,0.2172854534388314
0.20700000000000002,0.8215,1.0,0.9020038429865496,1.0,10000.0,357,1643,0.2172854534388314
0.20800000000000002,0.8215,1.0,0.9020038429865496,1.0,10000.0,357,1643,0.2172854534388314
0.209,0.8215,1.0,0.9020038429865496,1.0,10000.0,357,1643,0.2172854534388314
0.21,0.8215,1.0,0.9020038429865496,1.0,10000.0,357,1643,0.2172854534388314
0.211,0.8215,1.0,0.9020038429865496,1.0,10000.0,357,1643,0.2172854534388314
0.212,0.8215,1.0,0.9020038429865496,1.0,10000.0,357,1643,0.2172854534388314
0.213,0.8215,1.0,0.9020038429865496,1.0,10000.0,357,1643,0.2172854534388314
0.214,0.8215,1.0,0.9020038429865496,1.0,10000.0,357,1643,0.2172854534388314
0.215,0.8215,1.0,0.9020038429865496,1.0,10000.0,357,1643,0.2172854534388314
0.216,0.8215,1.0,0.9020038429865496,1.0,10000.0,357,1643,0.2172854534388314
0.217,0.8215,1.0,0.9020038429865496,1.0,10000.0,357,1643,0.2172854534388314
0.218,0.8215,1.0,0.9020038429865496,1.0,10000.0,357,1643,0.2172854534388314
0.219,0.8215,1.0,0.9020038429865496,1.0,10000.0,357,1643,0.2172854534388314
0.22,0.8215,1.0,0.9020038429865496,1.0,10000.0,357,1643,0.2172854534388314
0.221,0.8215,1.0,0.9020038429865496,1.0,10000.0,357,1643,0.2172854534388314
0.222,0.8215,1.0,0.9020038429865496,1.0,10000.0,357,1643,0.2172854534388314
0.223,0.8215,1.0,0.9020038429865496,1.0,10000.0,357,1643,0.2172854534388314
0.224,0.8215,1.0,0.9020038429865496,1.0,10000.0,357,1643,0.2172854534388314
0.225,0.8215,1.0,0.9020038429865496,1.0,10000.0,357,1643,0.2172854534388314
0.226,0.8215,1.0,0.9020038429865496,1.0,10000.0,357,1643,0.2172854534388314
0.227,0.8215,1.0,0.9020038429865496,1.0,10000.0,357,1643,0.2172854534388314
0.228,0.8215,1.0,0.9020038429865496,1.0,10000.0,357,1643,0.2172854534388314
0.229,0.8215,1.0,0.9020038429865496,1.0,10000.0,357,1643,0.2172854534388314
0.23,0.8215,1.0,0.9020038429865496,1.0,10000.0,357,1643,0.2172854534388314
0.231,0.8215,1.0,0.9020038429865496,1.0,10000.0,357,1643,0.2172854534388314
0.232,0.8215,1.0,0.9020038429865496,1.0,10000.0,357,1643,0.2172854534388314
0.233,0.8215,1.0,0.9020038429865496,1.0,10000.0,357,1643,0.2172854534388314
0.234,0.8215,1.0,0.9020038429865496,1.0,10000.0,357,1643,0.2172854534388314
0.23500000000000001,0.8215,1.0,0.9020038429865496,1.0,10000.0,357,1643,0.2172854534388314
0.23600000000000002,0.8215,1.0,0.9020038429865496,1.0,10000.0,357,1643,0.2172854534388314
0.23700000000000002,0.8215,1.0,0.9020038429865496,1.0,10000.0,357,1643,0.2172854534388314
0.23800000000000002,0.8215,1.0,0.9020038429865496,1.0,10000.0,357,1643,0.2172854534388314
0.23900000000000002,0.8215,1.0,0.9020038429865496,1.0,10000.0,357,1643,0.2172854534388314
0.24,0.8215,1.0,0.9020038429865496,1.0,10000.0,357,1643,0.2172854534388314
0.241,0.8215,1.0,0.9020038429865496,1.0,10000.0,357,1643,0.2172854534388314
0.242,0.8215,1.0,0.9020038429865496,1.0,10000.0,357,1643,0.2172854534388314
0.243,0.8215,1.0,0.9020038429865496,1.0,10000.0,357,1643,0.2172854534388314
0.244,0.8215,1.0,0.9020038429865496,1.0,10000.0,357,1643,0.2172854534388314
0.245,0.8215,1.0,0.9020038429865496,1.0,10000.0,357,1643,0.2172854534388314
0.246,0.8215,1.0,0.9020038429865496,1.0,10000.0,357,1643,0.2172854534388314
0.247,0.8215,1.0,0.9020038429865496,1.0,10000.0,357,1643,0.2172854534388314
0.248,0.8215,1.0,0.9020038429865496,1.0,10000.0,357,1643,0.2172854534388314
0.249,0.8215,1.0,0.9020038429865496,1.0,10000.0,357,1643,0.2172854534388314
0.25,0.8215,1.0,0.9020038429865496,1.0,10000.0,357,1643,0.2172854534388314
0.251,0.8215,1.0,0.9020038429865496,1.0,10000.0,357,1643,0.2172854534388314
0.252,0.8215,1.0,0.9020038429865496,1.0,10000.0,357,1643,0.2172854534388314
0.253,0.8215,1.0,0.9020038429865496,1.0,10000.0,357,1643,0.2172854534388314
0.254,0.8215,1.0,0.9020038429865496,1.0,10000.0,357,1643,0.2172854534388314
0.255,0.8215,1.0,0.9020038429865496,1.0,10000.0,357,1643,0.2172854534388314
0.256,0.8215,1.0,0.9020038429865496,1.0,10000.0,357,1643,0.2172854534388314
0.257,0.8215,1.0,0.9020038429865496,1.0,10000.0,357,1643,0.2172854534388314
0.258,0.8215,1.0,0.9020038429865496,1.0,10000.0,357,1643,0.2172854534388314
0.259,0.8215,1.0,0.9020038429865496,1.0,10000.0,357,1643,0.2172854534388314
0.26,0.8215,1.0,0.9020038429865496,1.0,10000.0,357,1643,0.2172854534388314
0.261,0.8215,1.0,0.9020038429865496,1.0,10000.0,357,1643,0.2172854534388314
0.262,0.8215,1.0,0.9020038429865496,1.0,10000.0,357,1643,0.2172854534388314
0.263,0.8215,1.0,0.9020038429865496,1.0,10000.0,357,1643,0.2172854534388314
0.264,0.8215,1.0,0.9020038429865496,1.0,10000.0,357,1643,0.2172854534388314
0.265,0.8215,1.0,0.9020038429865496,1.0,10000.0,357,1643,0.2172854534388314
0.266,0.8215,1.0,0.9020038429865496,1.0,10000.0,357,1643,0.2172854534388314
0.267,0.8215,1.0,0.9020038429865496,1.0,10000.0,357,1643,0.2172854534388314
0.268,0.8215,1.0,0.9020038429865496,1.0,10000.0,357,1643,0.2172854534388314
0.269,0.8215,1.0,0.9020038429865496,1.0,10000.0,357,1643,0.2172854534388314
0.27,0.8215,1.0,0.9020038429865496,1.0,10000.0,357,1643,0.2172854534388314
0.271,0.8215,1.0,0.9020038429865496,1.0,10000.0,357,1643,0.2172854534388314
0.272,0.8215,1.0,0.9020038429865496,1.0,10000.0,357,1643,0.2172854534388314
0.273,0.8215,1.0,0.9020038429865496,1.0,10000.0,357,1643,0.2172854534388314
0.274,0.8215,1.0,0.9020038429865496,1.0,10000.0,357,1643,0.2172854534388314
0.275,0.8215,1.0,0.9020038429865496,1.0,10000.0,357,1643,0.2172854534388314
0.276,0.8215,1.0,0.9020038429865496,1.0,10000.0,357,1643,0.2172854534388314
0.277,0.8215,1.0,0.9020038429865496,1.0,10000.0,357,1643,0.2172854534388314
0.278,0.8215,1.0,0.9020038429865496,1.0,10000.0,357,1643,0.2172854534388314
0.279,0.8215,1.0,0.9020038429865496,1.0,10000.0,357,1643,0.2172854534388314
0.28,0.8215,1.0,0.9020038429865496,1.0,10000.0,357,1643,0.2172854534388314
0.281,0.8215,1.0,0.9020038429865496,1.0,10000.0,357,1643,0.2172854534388314
0.28200000000000003,0.8215,1.0,0.9020038429865496,1.0,10000.0,357,1643,0.2172854534388314
0.28300000000000003,0.8215,1.0,0.9020038429865496,1.0,10000.0,357,1643,0.2172854534388314
0.28400000000000003,0.8215,1.0,0.9020038429865496,1.0,10000.0,357,1643,0.2172854534388314
0.28500000000000003,0.8215,1.0,0.9020038429865496,1.0,10000.0,357,1643,0.2172854534388314
0.28600000000000003,0.8215,1.0,0.9020038429865496,1.0,10000.0,357,1643,0.2172854534388314
0.28700000000000003,0.8215,1.0,0.9020038429865496,1.0,10000.0,357,1643,0.2172854534388314
0.28800000000000003,0.8215,1.0,0.9020038429865496,1.0,10000.0,357,1643,0.2172854534388314
0.289,0.8215,1.0,0.9020038429865496,1.0,10000.0,357,1643,0.2172854534388314
0.29,0.8212318477716575,0.9981740718198417,0.9010989010989012,0.9985,9985.0,357,1640,0.2176829268292683
0.291,0.8210526315789474,0.996956786366403,0.9004947773501925,0.9975,9975.0,357,1638,0.21794871794871795
0.292,0.8204225352112676,0.992696287279367,0.898375103277334,0.994,9940.0,357,1631,0.21888412017167383
0.293,0.8199697428139183,0.9896530736457699,0.8968560397131825,0.9915,9915.0,357,1626,0.21955719557195572
0.294,0.8192405063291139,0.9847839318320146,0.8944168048645661,0.9875,9875.0,357,1618,0.22064276885043263
0.295,0.8183206106870229,0.9786975045648204,0.8913525498891353,0.9825,9825.0,357,1608,0.22201492537313433
0.296,0.8217413704276146,0.970785149117468,0.8900669642857143,0.9705,9705.0,346,1595,0.21692789968652038
0.297,0.8225469728601252,0.9592209373097992,0.8856420342792919,0.958,9580.0,340,1576,0.21573604060913706
0.298,0.8214285714285714,0.9519172245891662,0.8818720045108542,0.952,9520.0,340,1564,0.21739130434782608
0.299,0.820580474934037,0.9464394400486914,0.8790276992651216,0.9475,9475.0,340,1555,0.21864951768488747
0.3,0.8194370685077005,0.9391357273280584,0.8752127056154283,0.9415,9415.0,340,1543,0.220349967595593
0.301,0.8304347826086956,0.9300060864272672,0.8774045363192651,0.92,9200.0,312,1528,0.20418848167539266
0.302,0.8289473684210527,0.9202678027997565,0.8722238246322469,0.912,9120.0,312,1512,0.20634920634920634
0.303,0.8321289605336298,0.9111381618989653,0.8698431144683325,0.8995,8995.0,302,1497,0.2017368069472278
0.304,0.8314732142857143,0.9068776628119294,0.8675400291120816,0.896,8960.0,302,1490,0.20268456375838925
0.305,0.830812324929972,0.9026171637248935,0.8652275379229872,0.8925,8925.0,302,1483,0.20364126770060686
0.306,0.8378684807256236,0.8995739500912964,0.8676254769592016,0.882,8820.0,286,1478,0.19350473612990526
0.307,0.8372225384177575,0.8953134510042605,0.8652941176470589,0.8785,8785.0,286,1471,0.19442556084296397
0.308,0.8368511123787792,0.8928788800973828,0.8639575971731448,0.8765,8765.0,286,1467,0.19495569188820722
0.309,0.8368511123787792,0.8928788800973828,0.8639575971731448,0.8765,8765.0,286,1467,0.19495569188820722
0.31,0.8368511123787792,0.8928788800973828,0.8639575971731448,0.8765,8765.0,286,1467,0.19495569188820722
0.311,0.8368511123787792,0.8928788800973828,0.8639575971731448,0.8765,8765.0,286,1467,0.19495569188820722
0.312,0.8368511123787792,0.8928788800973828,0.8639575971731448,0.8765,8765.0,286,1467,0.19495569188820722
0.313,0.8368511123787792,0.8928788800973828,0.8639575971731448,0.8765,8765.0,286,1467,0.19495569188820722
0.314,0.8368511123787792,0.8928788800973828,0.8639575971731448,0.8765,8765.0,286,1467,0.19495569188820722
0.315,0.8368511123787792,0.8928788800973828,0.8639575971731448,0.8765,8765.0,286,1467,0.19495569188820722
0.316,0.8368511123787792,0.8928788800973828,0.8639575971731448,0.8765,8765.0,286,1467,0.19495569188820722
0.317,0.8368511123787792,0.8928788800973828,0.8639575971731448,0.8765,8765.0,286,1467,0.19495569188820722
0.318,0.8368511123787792,0.8928788800973828,0.8639575971731448,0.8765,8765.0,286,1467,0.19495569188820722
0.319,0.8368511123787792,0.8928788800973828,0.8639575971731448,0.8765,8765.0,286,1467,0.19495569188820722
0.32,0.8368511123787792,0.8928788800973828,0.8639575971731448,0.8765,8765.0,286,1467,0.19495569188820722
0.321,0.8368511123787792,0.8928788800973828,0.8639575971731448,0.8765,8765.0,286,1467,0.19495569188820722
0.322,0.8368511123787792,0.8928788800973828,0.8639575971731448,0.8765,8765.0,286,1467,0.19495569188820722
0.323,0.8368511123787792,0.8928788800973828,0.8639575971731448,0.8765,8765.0,286,1467,0.19495569188820722
0.324,0.8368511123787792,0.8928788800973828,0.8639575971731448,0.8765,8765.0,286,1467,0.19495569188820722
0.325,0.8368511123787792,0.8928788800973828,0.8639575971731448,0.8765,8765.0,286,1467,0.19495569188820722
0.326,0.8368511123787792,0.8928788800973828,0.8639575971731448,0.8765,8765.0,286,1467,0.19495569188820722
0.327,0.8365714285714285,0.8910529519172246,0.8629531388152077,0.875,8750.0,286,1464,0.1953551912568306
0.328,0.8362907842014883,0.8892270237370663,0.8619469026548672,0.8735,8735.0,286,1461,0.19575633127994524
0.329,0.8360091743119266,0.887401095556908,0.8609388839681134,0.872,8720.0,286,1458,0.19615912208504802
0.33,0.8353483016695452,0.8831405964698722,0.8585798816568048,0.8685,8685.0,286,1451,0.19710544452102
0.331,0.8349682631275245,0.8807060255629945,0.8572274881516587,0.8665,8665.0,286,1447,0.19765031098825156
0.332,0.8390470656595003,0.8788800973828362,0.8585017835909631,0.8605,8605.0,277,1444,0.19182825484764543
0.333,0.8382953882078226,0.8740109555690809,0.8557806912991657,0.8565,8565.0,277,1436,0.19289693593314763
0.334,0.836962919364332,0.8654899573950091,0.8509874326750447,0.8495,8495.0,277,1422,0.19479606188466947
0.335,0.8427973699940227,0.8581862446743761,0.8504221954161639,0.8365,8365.0,263,1410,0.18652482269503545
0.336,0.8409915356711004,0.8466220328667072,0.8437973915680922,0.827,8270.0,263,1391,0.18907260963335729
0.337,0.8402187120291617,0.8417528910529519,0.8409851018546671,0.823,8230.0,263,1383,0.19016630513376717
0.338,0.847051597051597,0.8393183201460742,0.8431672271476613,0.814,8139.999999999999,249,1379,0.18056562726613487
0.339,0.8462962962962963,0.8344491783323189,0.8403309837572787,0.81,8100.000000000001,249,1371,0.18161925601750548
0.34,0.8460111317254174,0.8326232501521607,0.8392638036809815,0.8085,8085.0,249,1368,0.18201754385964913
0.341,0.8455334987593052,0.8295800365185636,0.8374807987711214,0.806,8060.000000000001,249,1363,0.18268525311812178
0.342,0.8532915360501567,0.8283627510651248,0.8406423718344657,0.7975,7975.0,234,1361,0.1719324026451139
0.343,0.8530150753768844,0.8265368228849665,0.8395672333848531,0.796,7960.0,234,1358,0.1723122238586156
0.34400000000000003,0.8529226901319925,0.8259281801582471,0.839208410636982,0.7955,7955.0,234,1357,0.17243920412675018
0.34500000000000003,0.8529226901319925,0.8259281801582471,0.839208410636982,0.7955,7955.0,234,1357,0.17243920412675018
0.34600000000000003,0.8529226901319925,0.8259281801582471,0.839208410636982,0.7955,7955.0,234,1357,0.17243920412675018
0.34700000000000003,0.8529226901319925,0.8259281801582471,0.839208410636982,0.7955,7955.0,234,1357,0.17243920412675018
0.34800000000000003,0.8529226901319925,0.8259281801582471,0.839208410636982,0.7955,7955.0,234,1357,0.17243920412675018
0.34900000000000003,0.8529226901319925,0.8259281801582471,0.839208410636982,0.7955,7955.0,234,1357,0.17243920412675018
0.35000000000000003,0.8529226901319925,0.8259281801582471,0.839208410636982,0.7955,7955.0,234,1357,0.17243920412675018
0.35100000000000003,0.8529226901319925,0.8259281801582471,0.839208410636982,0.7955,7955.0,234,1357,0.17243920412675018
0.352,0.8529226901319925,0.8259281801582471,0.839208410636982,0.7955,7955.0,234,1357,0.17243920412675018
0.353,0.8529226901319925,0.8259281801582471,0.839208410636982,0.7955,7955.0,234,1357,0.17243920412675018
0.354,0.8529226901319925,0.8259281801582471,0.839208410636982,0.7955,7955.0,234,1357,0.17243920412675018
0.355,0.8529226901319925,0.8259281801582471,0.839208410636982,0.7955,7955.0,234,1357,0.17243920412675018
0.356,0.8529226901319925,0.8259281801582471,0.839208410636982,0.7955,7955.0,234,1357,0.17243920412675018
0.357,0.8529226901319925,0.8259281801582471,0.839208410636982,0.7955,7955.0,234,1357,0.17243920412675018
0.358,0.8529226901319925,0.8259281801582471,0.839208410636982,0.7955,7955.0,234,1357,0.17243920412675018
0.359,0.8529226901319925,0.8259281801582471,0.839208410636982,0.7955,7955.0,234,1357,0.17243920412675018
0.36,0.8529226901319925,0.8259281801582471,0.839208410636982,0.7955,7955.0,234,1357,0.17243920412675018
0.361,0.8529226901319925,0.8259281801582471,0.839208410636982,0.7955,7955.0,234,1357,0.17243920412675018
0.362,0.8529226901319925,0.8259281801582471,0.839208410636982,0.7955,7955.0,234,1357,0.17243920412675018
0.363,0.8529226901319925,0.8259281801582471,0.839208410636982,0.7955,7955.0,234,1357,0.17243920412675018
0.364,0.8529226901319925,0.8259281801582471,0.839208410636982,0.7955,7955.0,234,1357,0.17243920412675018
0.365,0.8529226901319925,0.8259281801582471,0.839208410636982,0.7955,7955.0,234,1357,0.17243920412675018
0.366,0.8529226901319925,0.8259281801582471,0.839208410636982,0.7955,7955.0,234,1357,0.17243920412675018
0.367,0.8529226901319925,0.8259281801582471,0.839208410636982,0.7955,7955.0,234,1357,0.17243920412675018
0.368,0.8529226901319925,0.8259281801582471,0.839208410636982,0.7955,7955.0,234,1357,0.17243920412675018
0.369,0.8529226901319925,0.8259281801582471,0.839208410636982,0.7955,7955.0,234,1357,0.17243920412675018
0.37,0.8529226901319925,0.8259281801582471,0.839208410636982,0.7955,7955.0,234,1357,0.17243920412675018
0.371,0.8529226901319925,0.8259281801582471,0.839208410636982,0.7955,7955.0,234,1357,0.17243920412675018
0.372,0.8529226901319925,0.8259281801582471,0.839208410636982,0.7955,7955.0,234,1357,0.17243920412675018
0.373,0.8529226901319925,0.8259281801582471,0.839208410636982,0.7955,7955.0,234,1357,0.17243920412675018
0.374,0.8529226901319925,0.8259281801582471,0.839208410636982,0.7955,7955.0,234,1357,0.17243920412675018
0.375,0.8529226901319925,0.8259281801582471,0.839208410636982,0.7955,7955.0,234,1357,0.17243920412675018
0.376,0.8529226901319925,0.8259281801582471,0.839208410636982,0.7955,7955.0,234,1357,0.17243920412675018
0.377,0.8529226901319925,0.8259281801582471,0.839208410636982,0.7955,7955.0,234,1357,0.17243920412675018
0.378,0.8529226901319925,0.8259281801582471,0.839208410636982,0.7955,7955.0,234,1357,0.17243920412675018
0.379,0.8529226901319925,0.8259281801582471,0.839208410636982,0.7955,7955.0,234,1357,0.17243920412675018
0.38,0.8529226901319925,0.8259281801582471,0.839208410636982,0.7955,7955.0,234,1357,0.17243920412675018
0.381,0.8529226901319925,0.8259281801582471,0.839208410636982,0.7955,7955.0,234,1357,0.17243920412675018
0.382,0.8529226901319925,0.8259281801582471,0.839208410636982,0.7955,7955.0,234,1357,0.17243920412675018
0.383,0.8529226901319925,0.8259281801582471,0.839208410636982,0.7955,7955.0,234,1357,0.17243920412675018
0.384,0.8529226901319925,0.8259281801582471,0.839208410636982,0.7955,7955.0,234,1357,0.17243920412675018
0.385,0.8529226901319925,0.8259281801582471,0.839208410636982,0.7955,7955.0,234,1357,0.17243920412675018
0.386,0.8529226901319925,0.8259281801582471,0.839208410636982,0.7955,7955.0,234,1357,0.17243920412675018
0.387,0.8529226901319925,0.8259281801582471,0.839208410636982,0.7955,7955.0,234,1357,0.17243920412675018
0.388,0.8529226901319925,0.8259281801582471,0.839208410636982,0.7955,7955.0,234,1357,0.17243920412675018
0.389,0.8529226901319925,0.8259281801582471,0.839208410636982,0.7955,7955.0,234,1357,0.17243920412675018
0.39,0.8529226901319925,0.8259281801582471,0.839208410636982,0.7955,7955.0,234,1357,0.17243920412675018
0.391,0.8529226901319925,0.8259281801582471,0.839208410636982,0.7955,7955.0,234,1357,0.17243920412675018
0.392,0.8529226901319925,0.8259281801582471,0.839208410636982,0.7955,7955.0,234,1357,0.17243920412675018
0.393,0.8529226901319925,0.8259281801582471,0.839208410636982,0.7955,7955.0,234,1357,0.17243920412675018
0.394,0.8529226901319925,0.8259281801582471,0.839208410636982,0.7955,7955.0,234,1357,0.17243920412675018
0.395,0.8529226901319925,0.8259281801582471,0.839208410636982,0.7955,7955.0,234,1357,0.17243920412675018
0.396,0.8529226901319925,0.8259281801582471,0.839208410636982,0.7955,7955.0,234,1357,0.17243920412675018
0.397,0.8529226901319925,0.8259281801582471,0.839208410636982,0.7955,7955.0,234,1357,0.17243920412675018
0.398,0.8529226901319925,0.8259281801582471,0.839208410636982,0.7955,7955.0,234,1357,0.17243920412675018
0.399,0.8529226901319925,0.8259281801582471,0.839208410636982,0.7955,7955.0,234,1357,0.17243920412675018
0.4,0.8529226901319925,0.8259281801582471,0.839208410636982,0.7955,7955.0,234,1357,0.17243920412675018
0.401,0.8529226901319925,0.8259281801582471,0.839208410636982,0.7955,7955.0,234,1357,0.17243920412675018
0.402,0.8529226901319925,0.8259281801582471,0.839208410636982,0.7955,7955.0,234,1357,0.17243920412675018
0.403,0.8529226901319925,0.8259281801582471,0.839208410636982,0.7955,7955.0,234,1357,0.17243920412675018
0.404,0.8529226901319925,0.8259281801582471,0.839208410636982,0.7955,7955.0,234,1357,0.17243920412675018
0.405,0.8529226901319925,0.8259281801582471,0.839208410636982,0.7955,7955.0,234,1357,0.17243920412675018
0.406,0.8529226901319925,0.8259281801582471,0.839208410636982,0.7955,7955.0,234,1357,0.17243920412675018
0.40700000000000003,0.8529226901319925,0.8259281801582471,0.839208410636982,0.7955,7955.0,234,1357,0.17243920412675018
0.40800000000000003,0.8529226901319925,0.8259281801582471,0.839208410636982,0.7955,7955.0,234,1357,0.17243920412675018
0.40900000000000003,0.8529226901319925,0.8259281801582471,0.839208410636982,0.7955,7955.0,234,1357,0.17243920412675018
0.41000000000000003,0.8529226901319925,0.8259281801582471,0.839208410636982,0.7955,7955.0,234,1357,0.17243920412675018
0.41100000000000003,0.8529226901319925,0.8259281801582471,0.839208410636982,0.7955,7955.0,234,1357,0.17243920412675018
0.41200000000000003,0.8529226901319925,0.8259281801582471,0.839208410636982,0.7955,7955.0,234,1357,0.17243920412675018
0.41300000000000003,0.8529226901319925,0.8259281801582471,0.839208410636982,0.7955,7955.0,234,1357,0.17243920412675018
0.41400000000000003,0.8529226901319925,0.8259281801582471,0.839208410636982,0.7955,7955.0,234,1357,0.17243920412675018
0.41500000000000004,0.8529226901319925,0.8259281801582471,0.839208410636982,0.7955,7955.0,234,1357,0.17243920412675018
0.41600000000000004,0.8529226901319925,0.8259281801582471,0.839208410636982,0.7955,7955.0,234,1357,0.17243920412675018
0.417,0.8529226901319925,0.8259281801582471,0.839208410636982,0.7955,7955.0,234,1357,0.17243920412675018
0.418,0.8529226901319925,0.8259281801582471,0.839208410636982,0.7955,7955.0,234,1357,0.17243920412675018
0.419,0.8529226901319925,0.8259281801582471,0.839208410636982,0.7955,7955.0,234,1357,0.17243920412675018
0.42,0.8529226901319925,0.8259281801582471,0.839208410636982,0.7955,7955.0,234,1357,0.17243920412675018
0.421,0.8529226901319925,0.8259281801582471,0.839208410636982,0.7955,7955.0,234,1357,0.17243920412675018
0.422,0.8529226901319925,0.8259281801582471,0.839208410636982,0.7955,7955.0,234,1357,0.17243920412675018
0.423,0.8529226901319925,0.8259281801582471,0.839208410636982,0.7955,7955.0,234,1357,0.17243920412675018
0.424,0.8529226901319925,0.8259281801582471,0.839208410636982,0.7955,7955.0,234,1357,0.17243920412675018
0.425,0.8529226901319925,0.8259281801582471,0.839208410636982,0.7955,7955.0,234,1357,0.17243920412675018
0.426,0.8529226901319925,0.8259281801582471,0.839208410636982,0.7955,7955.0,234,1357,0.17243920412675018
0.427,0.8529226901319925,0.8259281801582471,0.839208410636982,0.7955,7955.0,234,1357,0.17243920412675018
0.428,0.8529226901319925,0.8259281801582471,0.839208410636982,0.7955,7955.0,234,1357,0.17243920412675018
0.429,0.8529226901319925,0.8259281801582471,0.839208410636982,0.7955,7955.0,234,1357,0.17243920412675018
0.43,0.8529226901319925,0.8259281801582471,0.839208410636982,0.7955,7955.0,234,1357,0.17243920412675018
0.431,0.8529226901319925,0.8259281801582471,0.839208410636982,0.7955,7955.0,234,1357,0.17243920412675018
0.432,0.8529226901319925,0.8259281801582471,0.839208410636982,0.7955,7955.0,234,1357,0.17243920412675018
0.433,0.8529226901319925,0.8259281801582471,0.839208410636982,0.7955,7955.0,234,1357,0.17243920412675018
0.434,0.8529226901319925,0.8259281801582471,0.839208410636982,0.7955,7955.0,234,1357,0.17243920412675018
0.435,0.8529226901319925,0.8259281801582471,0.839208410636982,0.7955,7955.0,234,1357,0.17243920412675018
0.436,0.8529226901319925,0.8259281801582471,0.839208410636982,0.7955,7955.0,234,1357,0.17243920412675018
0.437,0.8529226901319925,0.8259281801582471,0.839208410636982,0.7955,7955.0,234,1357,0.17243920412675018
0.438,0.8529226901319925,0.8259281801582471,0.839208410636982,0.7955,7955.0,234,1357,0.17243920412675018
0.439,0.8529226901319925,0.8259281801582471,0.839208410636982,0.7955,7955.0,234,1357,0.17243920412675018
0.44,0.8529226901319925,0.8259281801582471,0.839208410636982,0.7955,7955.0,234,1357,0.17243920412675018
0.441,0.8529226901319925,0.8259281801582471,0.839208410636982,0.7955,7955.0,234,1357,0.17243920412675018
0.442,0.8529226901319925,0.8259281801582471,0.839208410636982,0.7955,7955.0,234,1357,0.17243920412675018
0.443,0.8529226901319925,0.8259281801582471,0.839208410636982,0.7955,7955.0,234,1357,0.17243920412675018
0.444,0.8529226901319925,0.8259281801582471,0.839208410636982,0.7955,7955.0,234,1357,0.17243920412675018
0.445,0.8529226901319925,0.8259281801582471,0.839208410636982,0.7955,7955.0,234,1357,0.17243920412675018
0.446,0.8529226901319925,0.8259281801582471,0.839208410636982,0.7955,7955.0,234,1357,0.17243920412675018
0.447,0.8529226901319925,0.8259281801582471,0.839208410636982,0.7955,7955.0,234,1357,0.17243920412675018
0.448,0.8529226901319925,0.8259281801582471,0.839208410636982,0.7955,7955.0,234,1357,0.17243920412675018
0.449,0.8529226901319925,0.8259281801582471,0.839208410636982,0.7955,7955.0,234,1357,0.17243920412675018
0.45,0.8529226901319925,0.8259281801582471,0.839208410636982,0.7955,7955.0,234,1357,0.17243920412675018
0.451,0.8529226901319925,0.8259281801582471,0.839208410636982,0.7955,7955.0,234,1357,0.17243920412675018
0.452,0.8529226901319925,0.8259281801582471,0.839208410636982,0.7955,7955.0,234,1357,0.17243920412675018
0.453,0.8529226901319925,0.8259281801582471,0.839208410636982,0.7955,7955.0,234,1357,0.17243920412675018
0.454,0.8529226901319925,0.8259281801582471,0.839208410636982,0.7955,7955.0,234,1357,0.17243920412675018
0.455,0.8529226901319925,0.8259281801582471,0.839208410636982,0.7955,7955.0,234,1357,0.17243920412675018
0.456,0.8529226901319925,0.8259281801582471,0.839208410636982,0.7955,7955.0,234,1357,0.17243920412675018
0.457,0.8529226901319925,0.8259281801582471,0.839208410636982,0.7955,7955.0,234,1357,0.17243920412675018
0.458,0.8529226901319925,0.8259281801582471,0.839208410636982,0.7955,7955.0,234,1357,0.17243920412675018
0.459,0.8529226901319925,0.8259281801582471,0.839208410636982,0.7955,7955.0,234,1357,0.17243920412675018
0.46,0.8529226901319925,0.8259281801582471,0.839208410636982,0.7955,7955.0,234,1357,0.17243920412675018
0.461,0.8529226901319925,0.8259281801582471,0.839208410636982,0.7955,7955.0,234,1357,0.17243920412675018
0.462,0.8529226901319925,0.8259281801582471,0.839208410636982,0.7955,7955.0,234,1357,0.17243920412675018
0.463,0.8529226901319925,0.8259281801582471,0.839208410636982,0.7955,7955.0,234,1357,0.17243920412675018
0.464,0.8529226901319925,0.8259281801582471,0.839208410636982,0.7955,7955.0,234,1357,0.17243920412675018
0.465,0.8529226901319925,0.8259281801582471,0.839208410636982,0.7955,7955.0,234,1357,0.17243920412675018
0.466,0.8529226901319925,0.8259281801582471,0.839208410636982,0.7955,7955.0,234,1357,0.17243920412675018
0.467,0.8529226901319925,0.8259281801582471,0.839208410636982,0.7955,7955.0,234,1357,0.17243920412675018
0.468,0.8529226901319925,0.8259281801582471,0.839208410636982,0.7955,7955.0,234,1357,0.17243920412675018
0.46900000000000003,0.8529226901319925,0.8259281801582471,0.839208410636982,0.7955,7955.0,234,1357,0.17243920412675018
0.47000000000000003,0.8529226901319925,0.8259281801582471,0.839208410636982,0.7955,7955.0,234,1357,0.17243920412675018
0.47100000000000003,0.8529226901319925,0.8259281801582471,0.839208410636982,0.7955,7955.0,234,1357,0.17243920412675018
0.47200000000000003,0.8529226901319925,0.8259281801582471,0.839208410636982,0.7955,7955.0,234,1357,0.17243920412675018
0.47300000000000003,0.8529226901319925,0.8259281801582471,0.839208410636982,0.7955,7955.0,234,1357,0.17243920412675018
0.47400000000000003,0.8529226901319925,0.8259281801582471,0.839208410636982,0.7955,7955.0,234,1357,0.17243920412675018
0.47500000000000003,0.8529226901319925,0.8259281801582471,0.839208410636982,0.7955,7955.0,234,1357,0.17243920412675018
0.47600000000000003,0.8529226901319925,0.8259281801582471,0.839208410636982,0.7955,7955.0,234,1357,0.17243920412675018
0.47700000000000004,0.8529226901319925,0.8259281801582471,0.839208410636982,0.7955,7955.0,234,1357,0.17243920412675018
0.47800000000000004,0.8529226901319925,0.8259281801582471,0.839208410636982,0.7955,7955.0,234,1357,0.17243920412675018
0.47900000000000004,0.8529226901319925,0.8259281801582471,0.839208410636982,0.7955,7955.0,234,1357,0.17243920412675018
0.48,0.8529226901319925,0.8259281801582471,0.839208410636982,0.7955,7955.0,234,1357,0.17243920412675018
0.481,0.8529226901319925,0.8259281801582471,0.839208410636982,0.7955,7955.0,234,1357,0.17243920412675018
0.482,0.8529226901319925,0.8259281801582471,0.839208410636982,0.7955,7955.0,234,1357,0.17243920412675018
0.483,0.8529226901319925,0.8259281801582471,0.839208410636982,0.7955,7955.0,234,1357,0.17243920412675018
0.484,0.8529226901319925,0.8259281801582471,0.839208410636982,0.7955,7955.0,234,1357,0.17243920412675018
0.485,0.8529226901319925,0.8259281801582471,0.839208410636982,0.7955,7955.0,234,1357,0.17243920412675018
0.486,0.8529226901319925,0.8259281801582471,0.839208410636982,0.7955,7955.0,234,1357,0.17243920412675018
0.487,0.8529226901319925,0.8259281801582471,0.839208410636982,0.7955,7955.0,234,1357,0.17243920412675018
0.488,0.8529226901319925,0.8259281801582471,0.839208410636982,0.7955,7955.0,234,1357,0.17243920412675018
0.489,0.8529226901319925,0.8259281801582471,0.839208410636982,0.7955,7955.0,234,1357,0.17243920412675018
0.49,0.8529226901319925,0.8259281801582471,0.839208410636982,0.7955,7955.0,234,1357,0.17243920412675018
0.491,0.8529226901319925,0.8259281801582471,0.839208410636982,0.7955,7955.0,234,1357,0.17243920412675018
0.492,0.8529226901319925,0.8259281801582471,0.839208410636982,0.7955,7955.0,234,1357,0.17243920412675018
0.493,0.8529226901319925,0.8259281801582471,0.839208410636982,0.7955,7955.0,234,1357,0.17243920412675018
0.494,0.8529226901319925,0.8259281801582471,0.839208410636982,0.7955,7955.0,234,1357,0.17243920412675018
0.495,0.8529226901319925,0.8259281801582471,0.839208410636982,0.7955,7955.0,234,1357,0.17243920412675018
0.496,0.8529226901319925,0.8259281801582471,0.839208410636982,0.7955,7955.0,234,1357,0.17243920412675018
0.497,0.8529226901319925,0.8259281801582471,0.839208410636982,0.7955,7955.0,234,1357,0.17243920412675018
0.498,0.8529226901319925,0.8259281801582471,0.839208410636982,0.7955,7955.0,234,1357,0.17243920412675018
0.499,0.8529226901319925,0.8259281801582471,0.839208410636982,0.7955,7955.0,234,1357,0.17243920412675018
0.5,0.8529226901319925,0.8259281801582471,0.839208410636982,0.7955,7955.0,234,1357,0.17243920412675018
0.501,0.8529226901319925,0.8259281801582471,0.839208410636982,0.7955,7955.0,234,1357,0.17243920412675018
0.502,0.8529226901319925,0.8259281801582471,0.839208410636982,0.7955,7955.0,234,1357,0.17243920412675018
0.503,0.8528301886792453,0.8253195374315276,0.8388493659140117,0.795,7950.0,234,1356,0.17256637168141592
0.504,0.8527375707992448,0.8247108947048083,0.838490099009901,0.7945,7945.0,234,1355,0.17269372693726937
0.505,0.852365930599369,0.8222763237979306,0.8370508054522925,0.7925,7925.0,234,1351,0.17320503330866024
0.506,0.8518049398353388,0.8186244674376141,0.834885164494103,0.7895,7895.0,234,1345,0.17397769516728626
0.507,0.8509554140127389,0.8131466828971394,0.8316215375038905,0.785,7850.0,234,1336,0.1751497005988024
0.508,0.8509554140127389,0.8131466828971394,0.8316215375038905,0.785,7850.0,234,1336,0.1751497005988024
0.509,0.8505747126436781,0.8107121119902617,0.8301651604861326,0.783,7830.0,234,1332,0.17567567567567569
0.51,0.8526179702650291,0.8027997565429094,0.8269592476489029,0.7735,7735.0,228,1319,0.1728582259287339
0.511,0.8516590761223162,0.7967133292757151,0.8232704402515723,0.7685,7685.0,228,1309,0.17417876241405653
0.512,0.8519736842105263,0.7881923311016433,0.8188428706923806,0.76,7600.0,225,1295,0.17374517374517376
0.513,0.8506967485069675,0.780279975654291,0.813968253968254,0.7535,7534.999999999999,225,1282,0.17550702028081122
0.514,0.849799732977303,0.7748021911138162,0.8105698822031199,0.749,7490.0,225,1273,0.1767478397486253
0.515,0.8499660556687033,0.7620206938527084,0.803594351732991,0.7365,7365.0,221,1252,0.17651757188498401
0.516,0.8540802213001383,0.7516737674984784,0.7996115247652962,0.723,7230.0,211,1235,0.1708502024291498
0.517,0.8518258426966292,0.7382836275106512,0.7910009781545485,0.712,7120.0,211,1213,0.17394888705688377
0.518,0.849607982893799,0.7255021302495435,0.7826657912015759,0.7015,7015.0,211,1192,0.17701342281879195
0.519,0.8551673944687045,0.7151552038953134,0.7789194564136559,0.687,6870.000000000001,199,1175,0.16936170212765958
0.52,0.8533529845246868,0.7048082775410834,0.772,0.6785,6785.0,199,1158,0.17184801381692574
0.521,0.8547904191616766,0.6950699939135727,0.7667002349781806,0.668,6680.0,194,1142,0.16987740805604204
0.522,0.856054836252856,0.6841144248326233,0.7604871447902571,0.6565,6565.0,189,1124,0.16814946619217083
0.523,0.8545034642032333,0.6755934266585514,0.7545887151597552,0.6495,6495.0,189,1110,0.17027027027027028
0.524,0.852803738317757,0.6664637857577602,0.7482063546293133,0.642,6420.0,189,1095,0.1726027397260274
0.525,0.8562401263823065,0.6597687157638467,0.745273289790306,0.633,6330.0,182,1084,0.16789667896678967
0.526,0.8603896103896104,0.6451612903225806,0.7373913043478261,0.616,6160.0,172,1060,0.16226415094339622
0.527,0.8586688578471652,0.6360316494217894,0.7307692307692307,0.6085,6085.0,172,1045,0.1645933014354067
0.528,0.8594142259414226,0.62507608034084,0.7237491190979564,0.5975,5975.0,168,1027,0.16358325219084713
0.529,0.8589420654911839,0.6226415094339622,0.7219477769936485,0.5955,5955.0,168,1023,0.16422287390029325
0.53,0.8567774936061381,0.6116859403530128,0.7137784090909091,0.5865,5865.0,168,1005,0.16716417910447762
0.531,0.8576329331046312,0.6086427267194157,0.7119971520113918,0.583,5830.0,166,1000,0.166
0.532,0.8567730802415876,0.6043822276323798,0.708779443254818,0.5795,5795.0,166,993,0.16717019133937563
0.533,0.8560277536860365,0.6007303712720633,0.7060085836909872,0.5765,5765.0,166,987,0.16818642350557245
0.534,0.8552746294681779,0.5970785149117468,0.7032258064516129,0.5735,5735.0,166,981,0.1692150866462793
0.535,0.8547681539807525,0.5946439440048692,0.7013639626704954,0.5715,5715.0,166,977,0.1699078812691914
0.536,0.8538732394366197,0.5903834449178332,0.6980928391507738,0.568,5679.999999999999,166,970,0.1711340206185567
0.537,0.8533568904593639,0.5879488740109555,0.6962162162162162,0.566,5659.999999999999,166,966,0.17184265010351968
0.538,0.8532272325375774,0.5873402312842362,0.695746214852199,0.5655,5655.0,166,965,0.17202072538860103
0.539,0.8529672276350753,0.5861229458307973,0.6948051948051948,0.5645,5645.0,166,963,0.17237798546209762
0.54,0.8524444444444444,0.5836883749239197,0.6929190751445088,0.5625,5625.0,166,959,0.17309697601668406
0.541,0.8524444444444444,0.5836883749239197,0.6929190751445088,0.5625,5625.0,166,959,0.17309697601668406
0.542,0.8524444444444444,0.5836883749239197,0.6929190751445088,0.5625,5625.0,166,959,0.17309697601668406
0.543,0.8524444444444444,0.5836883749239197,0.6929190751445088,0.5625,5625.0,166,959,0.17309697601668406
0.544,0.8524444444444444,0.5836883749239197,0.6929190751445088,0.5625,5625.0,166,959,0.17309697601668406
0.545,0.8524444444444444,0.5836883749239197,0.6929190751445088,0.5625,5625.0,166,959,0.17309697601668406
0.546,0.8517857142857143,0.5806451612903226,0.6905537459283388,0.56,5600.000000000001,166,954,0.1740041928721174
0.547,0.8509874326750448,0.5769933049300061,0.6877040261153426,0.557,5570.000000000001,166,948,0.1751054852320675
0.548,0.8503155996393147,0.5739500912964091,0.6853197674418604,0.5545,5545.0,166,943,0.176033934252386
0.549,0.848816029143898,0.5672550213024954,0.6800437796424662,0.549,5490.0,166,932,0.1781115879828326
0.55,0.8472861085556578,0.5605599513085818,0.6747252747252748,0.5435,5435.0,166,921,0.18023887079261672
0.551,0.845724907063197,0.5538648813146683,0.6693637366678925,0.538,5380.0,166,910,0.1824175824175824
0.552,0.8495742667928098,0.5465611685940353,0.6651851851851852,0.5285,5285.0,159,898,0.17706013363028952
0.553,0.8465250965250966,0.5337796713329276,0.654721911160881,0.518,5180.0,159,877,0.18129988597491448
0.554,0.8436578171091446,0.5222154595252587,0.6451127819548872,0.5085,5084.999999999999,159,858,0.1853146853146853
0.555,0.8463855421686747,0.5130858186244674,0.6388783630162941,0.498,4980.0,153,843,0.18149466192170818
0.556,0.8505747126436781,0.49543517954960437,0.6261538461538462,0.4785,4785.0,143,814,0.17567567567567569
0.557,0.8467309753483387,0.4808277541083384,0.6133540372670807,0.4665,4665.0,143,790,0.1810126582278481
0.558,0.8494983277591973,0.46378575776019476,0.6,0.4485,4485.0,135,762,0.17716535433070865
0.559,0.8576470588235294,0.443700547778454,0.5848375451263537,0.425,4250.0,121,729,0.16598079561042525
0.56,0.8536880290205562,0.4297017650639075,0.5716599190283401,0.4135,4135.0,121,706,0.17138810198300283
0.561,0.85375,0.4157029823493609,0.5591485878018829,0.4,4000.0,117,683,0.17130307467057102
0.562,0.8532467532467533,0.3998782714546561,0.5445503522585992,0.385,3850.0,113,657,0.1719939117199391
0.5630000000000001,0.847913862718708,0.38344491783323187,0.5280804694048616,0.3715,3715.0,113,630,0.17936507936507937
0.5640000000000001,0.8432732316227461,0.37005477784540475,0.5143824027072759,0.3605,3605.0,113,608,0.18585526315789475
0.5650000000000001,0.8631123919308358,0.36457699330493,0.5126230209670518,0.347,3469.9999999999995,95,599,0.15859766277128548
0.5660000000000001,0.8604992657856094,0.3566646378575776,0.504302925989673,0.3405,3405.0000000000005,95,586,0.1621160409556314
0.5670000000000001,0.8569277108433735,0.34631771150334756,0.4932813177286519,0.332,3320.0,95,569,0.16695957820738136
0.5680000000000001,0.8621745788667687,0.34266585514303105,0.4904181184668989,0.3265,3265.0,90,563,0.15985790408525755
0.5690000000000001,0.8591549295774648,0.33414485696895924,0.48115687992988604,0.3195,3195.0,90,549,0.16393442622950818
0.5700000000000001,0.8573692551505546,0.3292757151552039,0.4758135444151275,0.3155,3155.0,90,541,0.16635859519408502
0.5710000000000001,0.8694942903752039,0.32440657334144857,0.47251773049645396,0.3065,3065.0,80,533,0.150093808630394
0.5720000000000001,0.8675496688741722,0.3189287888009738,0.46639964396973743,0.302,3020.0,80,524,0.15267175572519084
0.5730000000000001,0.8657718120805369,0.3140596469872185,0.46092005359535504,0.298,2980.0,80,516,0.15503875968992248
0.5740000000000001,0.864406779661017,0.310407790626902,0.45678459471562927,0.295,2950.0,80,510,0.1568627450980392
0.5750000000000001,0.8632478632478633,0.30736457699330494,0.45332136445242377,0.2925,2925.0,80,505,0.15841584158415842
0.5760000000000001,0.8618307426597582,0.30371272063298843,0.44914491449144917,0.2895,2895.0,80,499,0.16032064128256512
0.577,0.8608695652173913,0.3012781497261108,0.44634806131650134,0.2875,2875.0,80,495,0.16161616161616163
0.578,0.8608695652173913,0.3012781497261108,0.44634806131650134,0.2875,2875.0,80,495,0.16161616161616163
0.579,0.8601398601398601,0.2994522215459525,0.44424379232505634,0.286,2859.9999999999995,80,492,0.16260162601626016
0.58,0.8596491228070176,0.29823493609251367,0.44283777677361047,0.285,2849.9999999999995,80,490,0.16326530612244897
0.581,0.8596491228070176,0.29823493609251367,0.44283777677361047,0.285,2849.9999999999995,80,490,0.16326530612244897
0.582,0.8596491228070176,0.29823493609251367,0.44283777677361047,0.285,2849.9999999999995,80,490,0.16326530612244897
0.583,0.8596491228070176,0.29823493609251367,0.44283777677361047,0.285,2849.9999999999995,80,490,0.16326530612244897
0.584,0.8596491228070176,0.29823493609251367,0.44283777677361047,0.285,2849.9999999999995,80,490,0.16326530612244897
0.585,0.8596491228070176,0.29823493609251367,0.44283777677361047,0.285,2849.9999999999995,80,490,0.16326530612244897
0.586,0.8596491228070176,0.29823493609251367,0.44283777677361047,0.285,2849.9999999999995,80,490,0.16326530612244897
0.587,0.8596491228070176,0.29823493609251367,0.44283777677361047,0.285,2849.9999999999995,80,490,0.16326530612244897
0.588,0.8591549295774648,0.29701765063907487,0.4414292175486205,0.284,2839.9999999999995,80,488,0.16393442622950818
0.589,0.8576512455516014,0.29336579427875836,0.43718820861678004,0.281,2810.0000000000005,80,482,0.16597510373443983
0.59,0.8576512455516014,0.29336579427875836,0.43718820861678004,0.281,2810.0000000000005,80,482,0.16597510373443983
0.591,0.8566308243727598,0.2909312233718807,0.43434802362562475,0.279,2790.0000000000005,80,478,0.16736401673640167
0.592,0.8548094373865699,0.2866707242848448,0.4293527803099362,0.2755,2755.0,80,471,0.16985138004246284
0.593,0.8529411764705882,0.2824102251978089,0.42432556012802924,0.272,2720.0,80,464,0.1724137931034483
0.594,0.8603351955307262,0.28119293974437004,0.4238532110091743,0.2685,2685.0,75,462,0.16233766233766234
0.595,0.8571428571428571,0.2738892270237371,0.41512915129151295,0.2625,2625.0,75,450,0.16666666666666666
0.596,0.8526522593320236,0.2641509433962264,0.4033457249070632,0.2545,2545.0,75,434,0.1728110599078341
0.597,0.8545454545454545,0.25745587340231285,0.39569691300280635,0.2475,2475.0,72,423,0.1702127659574468
0.598,0.8506224066390041,0.24954351795496044,0.38588235294117645,0.241,2410.0,72,410,0.17560975609756097
0.599,0.8596491228070176,0.23858794887401097,0.3735111958075274,0.228,2280.0,64,392,0.16326530612244897
0.6,0.8504672897196262,0.2215459525258673,0.3515210043457267,0.214,2140.0,64,364,0.17582417582417584
0.601,0.8628428927680798,0.21059038344491784,0.3385518590998043,0.2005,2005.0000000000002,55,346,0.15895953757225434
0.602,0.8578811369509044,0.202069385270846,0.32709359605911326,0.1935,1935.0,55,332,0.16566265060240964
0.603,0.8501362397820164,0.1898965307364577,0.3104477611940299,0.1835,1835.0,55,312,0.1762820512820513
0.604,0.8805970149253731,0.17954960438222764,0.29828109201213343,0.1675,1675.0,40,295,0.13559322033898305
0.605,0.8942307692307693,0.16981132075471697,0.28542199488491043,0.156,1560.0,33,279,0.11827956989247312
0.606,0.8896321070234113,0.16189896530736458,0.2739443872296602,0.1495,1495.0,33,266,0.12406015037593984
0.607,0.9205776173285198,0.155203895313451,0.265625,0.1385,1385.0000000000002,22,255,0.08627450980392157
0.608,0.9133858267716536,0.14120511259890445,0.24459673168160256,0.127,1270.0,22,232,0.09482758620689655
0.609,0.905982905982906,0.12903225806451613,0.22589238145977622,0.117,1170.0,22,212,0.10377358490566038
0.61,0.8986175115207373,0.11868533171028606,0.2096774193548387,0.1085,1085.0,22,195,0.11282051282051282
0.611,0.9117647058823529,0.11320754716981132,0.20140768814293447,0.102,1019.9999999999999,18,186,0.0967741935483871
0.612,0.90625,0.10590383444917834,0.18964577656675752,0.096,960.0,18,174,0.10344827586206896
0.613,0.9032258064516129,0.10225197808886184,0.1837069436850738,0.093,930.0,18,168,0.10714285714285714
0.614,0.9,0.09860012172854535,0.17772901810202962,0.09,900.0,18,162,0.1111111111111111
0.615,0.8977272727272727,0.09616555082166768,0.1737218251786696,0.088,880.0,18,158,0.11392405063291139
0.616,0.8941176470588236,0.09251369446135119,0.16767788196359623,0.085,850.0000000000001,18,152,0.11842105263157894
0.617,0.891566265060241,0.09007912355447352,0.1636263128800442,0.083,830.0,18,148,0.12162162162162163
0.618,0.8902439024390244,0.08886183810103469,0.16159380188157166,0.082,820.0,18,146,0.1232876712328767
0.619,0.8888888888888888,0.08764455264759587,0.15955678670360113,0.081,810.0,18,144,0.125
0.62,0.8867924528301887,0.08581862446743761,0.1564927857935627,0.0795,795.0,18,141,0.1276595744680851
0.621,0.8867924528301887,0.08581862446743761,0.1564927857935627,0.0795,795.0,18,141,0.1276595744680851
0.622,0.8867924528301887,0.08581862446743761,0.1564927857935627,0.0795,795.0,18,141,0.1276595744680851
0.623,0.8867924528301887,0.08581862446743761,0.1564927857935627,0.0795,795.0,18,141,0.1276595744680851
0.624,0.8867924528301887,0.08581862446743761,0.1564927857935627,0.0795,795.0,18,141,0.1276595744680851
0.625,0.8867924528301887,0.08581862446743761,0.1564927857935627,0.0795,795.0,18,141,0.1276595744680851
0.626,0.8867924528301887,0.08581862446743761,0.1564927857935627,0.0795,795.0,18,141,0.1276595744680851
0.627,0.8867924528301887,0.08581862446743761,0.1564927857935627,0.0795,795.0,18,141,0.1276595744680851
0.628,0.8867924528301887,0.08581862446743761,0.1564927857935627,0.0795,795.0,18,141,0.1276595744680851
0.629,0.8867924528301887,0.08581862446743761,0.1564927857935627,0.0795,795.0,18,141,0.1276595744680851
0.63,0.8867924528301887,0.08581862446743761,0.1564927857935627,0.0795,795.0,18,141,0.1276595744680851
0.631,0.8867924528301887,0.08581862446743761,0.1564927857935627,0.0795,795.0,18,141,0.1276595744680851
0.632,0.8867924528301887,0.08581862446743761,0.1564927857935627,0.0795,795.0,18,141,0.1276595744680851
0.633,0.8867924528301887,0.08581862446743761,0.1564927857935627,0.0795,795.0,18,141,0.1276595744680851
0.634,0.8846153846153846,0.08399269628727937,0.15341856586992775,0.078,780.0,18,138,0.13043478260869565
0.635,0.8831168831168831,0.08277541083384053,0.15136338341680577,0.077,770.0,18,136,0.1323529411764706
0.636,0.8823529411764706,0.08216676810712112,0.15033407572383073,0.0765,765.0,18,135,0.13333333333333333
0.637,0.8783783783783784,0.07912355447352404,0.14517029592406477,0.074,740.0,18,130,0.13846153846153847
0.638,0.8705035971223022,0.0736457699330493,0.1358024691358025,0.0695,695.0000000000001,18,121,0.1487603305785124
0.639,0.8854961832061069,0.07060255629945222,0.13077790304396844,0.0655,655.0,15,116,0.12931034482758622
0.64,0.8809523809523809,0.06755934266585514,0.12549462973431316,0.063,630.0,15,111,0.13513513513513514
0.641,0.8739495798319328,0.06329884357881924,0.11804767309875143,0.0595,595.0,15,104,0.14423076923076922
0.642,0.9166666666666666,0.060255629945222156,0.11307824100513991,0.054,540.0,9,99,0.09090909090909091
0.643,0.9108910891089109,0.05599513085818624,0.10550458715596331,0.0505,505.00000000000006,9,92,0.09782608695652174
0.644,0.9042553191489362,0.051734631771150334,0.09786989061600461,0.047,470.0,9,85,0.10588235294117647
0.645,0.925,0.04503956177723676,0.08589669181659895,0.04,400.0,6,74,0.08108108108108109
0.646,0.9166666666666666,0.04017041996348144,0.07696793002915453,0.036,360.0,6,66,0.09090909090909091
0.647,0.9,0.032866707242848445,0.06341749853200235,0.03,300.0,6,54,0.1111111111111111
0.648,1.0,0.02678027997565429,0.05216360403082395,0.022,220.0,0,44,0.0
0.649,1.0,0.023128423615337797,0.045211183819155266,0.019,190.0,0,38,0.0
0.65,1.0,0.01704199634814364,0.033512866546977854,0.014,140.0,0,28,0.0
0.651,1.0,0.011564211807668898,0.02286401925391095,0.0095,95.0,0,19,0.0
0.652,1.0,0.00852099817407182,0.016898008449004222,0.007,70.0,0,14,0.0
0.653,1.0,0.005477784540474742,0.01089588377723971,0.0045,45.0,0,9,0.0
0.654,1.0,0.0036518563603164943,0.0072771376591873865,0.003,30.0,0,6,0.0
0.655,1.0,0.002434570906877663,0.004857316332726169,0.002,20.0,0,4,0.0
0.656,1.0,0.0006086427267194157,0.0012165450121654502,0.0005,5.0,0,1,0.0
0.657,0.0,0.0,0.0,0.0,0.0,0,0,
0.658,0.0,0.0,0.0,0.0,0.0,0,0,
0.659,0.0,0.0,0.0,0.0,0.0,0,0,
0.66,0.0,0.0,0.0,0.0,0.0,0,0,
0.661,0.0,0.0,0.0,0.0,0.0,0,0,
0.662,0.0,0.0,0.0,0.0,0.0,0,0,
0.663,0.0,0.0,0.0,0.0,0.0,0,0,
0.664,0.0,0.0,0.0,0.0,0.0,0,0,
0.665,0.0,0.0,0.0,0.0,0.0,0,0,
0.666,0.0,0.0,0.0,0.0,0.0,0,0,
0.667,0.0,0.0,0.0,0.0,0.0,0,0,
0.668,0.0,0.0,0.0,0.0,0.0,0,0,
0.669,0.0,0.0,0.0,0.0,0.0,0,0,
0.67,0.0,0.0,0.0,0.0,0.0,0,0,
0.671,0.0,0.0,0.0,0.0,0.0,0,0,
0.672,0.0,0.0,0.0,0.0,0.0,0,0,
0.673,0.0,0.0,0.0,0.0,0.0,0,0,
0.674,0.0,0.0,0.0,0.0,0.0,0,0,
0.675,0.0,0.0,0.0,0.0,0.0,0,0,
0.676,0.0,0.0,0.0,0.0,0.0,0,0,
0.677,0.0,0.0,0.0,0.0,0.0,0,0,
0.678,0.0,0.0,0.0,0.0,0.0,0,0,
0.679,0.0,0.0,0.0,0.0,0.0,0,0,
0.68,0.0,0.0,0.0,0.0,0.0,0,0,
0.681,0.0,0.0,0.0,0.0,0.0,0,0,
0.682,0.0,0.0,0.0,0.0,0.0,0,0,
0.683,0.0,0.0,0.0,0.0,0.0,0,0,
0.684,0.0,0.0,0.0,0.0,0.0,0,0,
0.685,0.0,0.0,0.0,0.0,0.0,0,0,
0.686,0.0,0.0,0.0,0.0,0.0,0,0,
0.687,0.0,0.0,0.0,0.0,0.0,0,0,
0.6880000000000001,0.0,0.0,0.0,0.0,0.0,0,0,
0.6890000000000001,0.0,0.0,0.0,0.0,0.0,0,0,
0.6900000000000001,0.0,0.0,0.0,0.0,0.0,0,0,
0.6910000000000001,0.0,0.0,0.0,0.0,0.0,0,0,
0.6920000000000001,0.0,0.0,0.0,0.0,0.0,0,0,
0.6930000000000001,0.0,0.0,0.0,0.0,0.0,0,0,
0.6940000000000001,0.0,0.0,0.0,0.0,0.0,0,0,
0.6950000000000001,0.0,0.0,0.0,0.0,0.0,0,0,
0.6960000000000001,0.0,0.0,0.0,0.0,0.0,0,0,
0.6970000000000001,0.0,0.0,0.0,0.0,0.0,0,0,
0.6980000000000001,0.0,0.0,0.0,0.0,0.0,0,0,
0.6990000000000001,0.0,0.0,0.0,0.0,0.0,0,0,
0.7000000000000001,0.0,0.0,0.0,0.0,0.0,0,0,
0.7010000000000001,0.0,0.0,0.0,0.0,0.0,0,0,
0.7020000000000001,0.0,0.0,0.0,0.0,0.0,0,0,
0.7030000000000001,0.0,0.0,0.0,0.0,0.0,0,0,
0.704,0.0,0.0,0.0,0.0,0.0,0,0,
0.705,0.0,0.0,0.0,0.0,0.0,0,0,
0.706,0.0,0.0,0.0,0.0,0.0,0,0,
0.707,0.0,0.0,0.0,0.0,0.0,0,0,
0.708,0.0,0.0,0.0,0.0,0.0,0,0,
0.709,0.0,0.0,0.0,0.0,0.0,0,0,
0.71,0.0,0.0,0.0,0.0,0.0,0,0,
0.711,0.0,0.0,0.0,0.0,0.0,0,0,
0.712,0.0,0.0,0.0,0.0,0.0,0,0,
0.713,0.0,0.0,0.0,0.0,0.0,0,0,
0.714,0.0,0.0,0.0,0.0,0.0,0,0,
0.715,0.0,0.0,0.0,0.0,0.0,0,0,
0.716,0.0,0.0,0.0,0.0,0.0,0,0,
0.717,0.0,0.0,0.0,0.0,0.0,0,0,
0.718,0.0,0.0,0.0,0.0,0.0,0,0,
0.719,0.0,0.0,0.0,0.0,0.0,0,0,
0.72,0.0,0.0,0.0,0.0,0.0,0,0,
0.721,0.0,0.0,0.0,0.0,0.0,0,0,
0.722,0.0,0.0,0.0,0.0,0.0,0,0,
0.723,0.0,0.0,0.0,0.0,0.0,0,0,
0.724,0.0,0.0,0.0,0.0,0.0,0,0,
0.725,0.0,0.0,0.0,0.0,0.0,0,0,
0.726,0.0,0.0,0.0,0.0,0.0,0,0,
0.727,0.0,0.0,0.0,0.0,0.0,0,0,
0.728,0.0,0.0,0.0,0.0,0.0,0,0,
0.729,0.0,0.0,0.0,0.0,0.0,0,0,
0.73,0.0,0.0,0.0,0.0,0.0,0,0,
0.731,0.0,0.0,0.0,0.0,0.0,0,0,
0.732,0.0,0.0,0.0,0.0,0.0,0,0,
0.733,0.0,0.0,0.0,0.0,0.0,0,0,
0.734,0.0,0.0,0.0,0.0,0.0,0,0,
0.735,0.0,0.0,0.0,0.0,0.0,0,0,
0.736,0.0,0.0,0.0,0.0,0.0,0,0,
0.737,0.0,0.0,0.0,0.0,0.0,0,0,
0.738,0.0,0.0,0.0,0.0,0.0,0,0,
0.739,0.0,0.0,0.0,0.0,0.0,0,0,
0.74,0.0,0.0,0.0,0.0,0.0,0,0,
0.741,0.0,0.0,0.0,0.0,0.0,0,0,
0.742,0.0,0.0,0.0,0.0,0.0,0,0,
0.743,0.0,0.0,0.0,0.0,0.0,0,0,
0.744,0.0,0.0,0.0,0.0,0.0,0,0,
0.745,0.0,0.0,0.0,0.0,0.0,0,0,
0.746,0.0,0.0,0.0,0.0,0.0,0,0,
0.747,0.0,0.0,0.0,0.0,0.0,0,0,
0.748,0.0,0.0,0.0,0.0,0.0,0,0,
0.749,0.0,0.0,0.0,0.0,0.0,0,0,
0.75,0.0,0.0,0.0,0.0,0.0,0,0,
0.751,0.0,0.0,0.0,0.0,0.0,0,0,
0.752,0.0,0.0,0.0,0.0,0.0,0,0,
0.753,0.0,0.0,0.0,0.0,0.0,0,0,
0.754,0.0,0.0,0.0,0.0,0.0,0,0,
0.755,0.0,0.0,0.0,0.0,0.0,0,0,
0.756,0.0,0.0,0.0,0.0,0.0,0,0,
0.757,0.0,0.0,0.0,0.0,0.0,0,0,
0.758,0.0,0.0,0.0,0.0,0.0,0,0,
0.759,0.0,0.0,0.0,0.0,0.0,0,0,
0.76,0.0,0.0,0.0,0.0,0.0,0,0,
0.761,0.0,0.0,0.0,0.0,0.0,0,0,
0.762,0.0,0.0,0.0,0.0,0.0,0,0,
0.763,0.0,0.0,0.0,0.0,0.0,0,0,
0.764,0.0,0.0,0.0,0.0,0.0,0,0,
0.765,0.0,0.0,0.0,0.0,0.0,0,0,
0.766,0.0,0.0,0.0,0.0,0.0,0,0,
0.767,0.0,0.0,0.0,0.0,0.0,0,0,
0.768,0.0,0.0,0.0,0.0,0.0,0,0,
0.769,0.0,0.0,0.0,0.0,0.0,0,0,
0.77,0.0,0.0,0.0,0.0,0.0,0,0,
0.771,0.0,0.0,0.0,0.0,0.0,0,0,
0.772,0.0,0.0,0.0,0.0,0.0,0,0,
0.773,0.0,0.0,0.0,0.0,0.0,0,0,
0.774,0.0,0.0,0.0,0.0,0.0,0,0,
0.775,0.0,0.0,0.0,0.0,0.0,0,0,
0.776,0.0,0.0,0.0,0.0,0.0,0,0,
0.777,0.0,0.0,0.0,0.0,0.0,0,0,
0.778,0.0,0.0,0.0,0.0,0.0,0,0,
0.779,0.0,0.0,0.0,0.0,0.0,0,0,
0.78,0.0,0.0,0.0,0.0,0.0,0,0,
0.781,0.0,0.0,0.0,0.0,0.0,0,0,
0.782,0.0,0.0,0.0,0.0,0.0,0,0,
0.783,0.0,0.0,0.0,0.0,0.0,0,0,
0.784,0.0,0.0,0.0,0.0,0.0,0,0,
0.785,0.0,0.0,0.0,0.0,0.0,0,0,
0.786,0.0,0.0,0.0,0.0,0.0,0,0,
0.787,0.0,0.0,0.0,0.0,0.0,0,0,
0.788,0.0,0.0,0.0,0.0,0.0,0,0,
0.789,0.0,0.0,0.0,0.0,0.0,0,0,
0.79,0.0,0.0,0.0,0.0,0.0,0,0,
0.791,0.0,0.0,0.0,0.0,0.0,0,0,
0.792,0.0,0.0,0.0,0.0,0.0,0,0,
0.793,0.0,0.0,0.0,0.0,0.0,0,0,
0.794,0.0,0.0,0.0,0.0,0.0,0,0,
0.795,0.0,0.0,0.0,0.0,0.0,0,0,
0.796,0.0,0.0,0.0,0.0,0.0,0,0,
0.797,0.0,0.0,0.0,0.0,0.0,0,0,
0.798,0.0,0.0,0.0,0.0,0.0,0,0,
0.799,0.0,0.0,0.0,0.0,0.0,0,0,
0.8,0.0,0.0,0.0,0.0,0.0,0,0,
0.801,0.0,0.0,0.0,0.0,0.0,0,0,
0.802,0.0,0.0,0.0,0.0,0.0,0,0,
0.803,0.0,0.0,0.0,0.0,0.0,0,0,
0.804,0.0,0.0,0.0,0.0,0.0,0,0,
0.805,0.0,0.0,0.0,0.0,0.0,0,0,
0.806,0.0,0.0,0.0,0.0,0.0,0,0,
0.807,0.0,0.0,0.0,0.0,0.0,0,0,
0.808,0.0,0.0,0.0,0.0,0.0,0,0,
0.809,0.0,0.0,0.0,0.0,0.0,0,0,
0.81,0.0,0.0,0.0,0.0,0.0,0,0,
0.811,0.0,0.0,0.0,0.0,0.0,0,0,
0.812,0.0,0.0,0.0,0.0,0.0,0,0,
0.8130000000000001,0.0,0.0,0.0,0.0,0.0,0,0,
0.8140000000000001,0.0,0.0,0.0,0.0,0.0,0,0,
0.8150000000000001,0.0,0.0,0.0,0.0,0.0,0,0,
0.8160000000000001,0.0,0.0,0.0,0.0,0.0,0,0,
0.8170000000000001,0.0,0.0,0.0,0.0,0.0,0,0,
0.8180000000000001,0.0,0.0,0.0,0.0,0.0,0,0,
0.8190000000000001,0.0,0.0,0.0,0.0,0.0,0,0,
0.8200000000000001,0.0,0.0,0.0,0.0,0.0,0,0,
0.8210000000000001,0.0,0.0,0.0,0.0,0.0,0,0,
0.8220000000000001,0.0,0.0,0.0,0.0,0.0,0,0,
0.8230000000000001,0.0,0.0,0.0,0.0,0.0,0,0,
0.8240000000000001,0.0,0.0,0.0,0.0,0.0,0,0,
0.8250000000000001,0.0,0.0,0.0,0.0,0.0,0,0,
0.8260000000000001,0.0,0.0,0.0,0.0,0.0,0,0,
0.8270000000000001,0.0,0.0,0.0,0.0,0.0,0,0,
0.8280000000000001,0.0,0.0,0.0,0.0,0.0,0,0,
0.8290000000000001,0.0,0.0,0.0,0.0,0.0,0,0,
0.8300000000000001,0.0,0.0,0.0,0.0,0.0,0,0,
0.8310000000000001,0.0,0.0,0.0,0.0,0.0,0,0,
0.8320000000000001,0.0,0.0,0.0,0.0,0.0,0,0,
0.833,0.0,0.0,0.0,0.0,0.0,0,0,
0.834,0.0,0.0,0.0,0.0,0.0,0,0,
0.835,0.0,0.0,0.0,0.0,0.0,0,0,
0.836,0.0,0.0,0.0,0.0,0.0,0,0,
0.837,0.0,0.0,0.0,0.0,0.0,0,0,
0.838,0.0,0.0,0.0,0.0,0.0,0,0,
0.839,0.0,0.0,0.0,0.0,0.0,0,0,
0.84,0.0,0.0,0.0,0.0,0.0,0,0,
0.841,0.0,0.0,0.0,0.0,0.0,0,0,
0.842,0.0,0.0,0.0,0.0,0.0,0,0,
0.843,0.0,0.0,0.0,0.0,0.0,0,0,
0.844,0.0,0.0,0.0,0.0,0.0,0,0,
0.845,0.0,0.0,0.0,0.0,0.0,0,0,
0.846,0.0,0.0,0.0,0.0,0.0,0,0,
0.847,0.0,0.0,0.0,0.0,0.0,0,0,
0.848,0.0,0.0,0.0,0.0,0.0,0,0,
0.849,0.0,0.0,0.0,0.0,0.0,0,0,
0.85,0.0,0.0,0.0,0.0,0.0,0,0,
0.851,0.0,0.0,0.0,0.0,0.0,0,0,
0.852,0.0,0.0,0.0,0.0,0.0,0,0,
0.853,0.0,0.0,0.0,0.0,0.0,0,0,
0.854,0.0,0.0,0.0,0.0,0.0,0,0,
0.855,0.0,0.0,0.0,0.0,0.0,0,0,
0.856,0.0,0.0,0.0,0.0,0.0,0,0,
0.857,0.0,0.0,0.0,0.0,0.0,0,0,
0.858,0.0,0.0,0.0,0.0,0.0,0,0,
0.859,0.0,0.0,0.0,0.0,0.0,0,0,
0.86,0.0,0.0,0.0,0.0,0.0,0,0,
0.861,0.0,0.0,0.0,0.0,0.0,0,0,
0.862,0.0,0.0,0.0,0.0,0.0,0,0,
0.863,0.0,0.0,0.0,0.0,0.0,0,0,
0.864,0.0,0.0,0.0,0.0,0.0,0,0,
0.865,0.0,0.0,0.0,0.0,0.0,0,0,
0.866,0.0,0.0,0.0,0.0,0.0,0,0,
0.867,0.0,0.0,0.0,0.0,0.0,0,0,
0.868,0.0,0.0,0.0,0.0,0.0,0,0,
0.869,0.0,0.0,0.0,0.0,0.0,0,0,
0.87,0.0,0.0,0.0,0.0,0.0,0,0,
0.871,0.0,0.0,0.0,0.0,0.0,0,0,
0.872,0.0,0.0,0.0,0.0,0.0,0,0,
0.873,0.0,0.0,0.0,0.0,0.0,0,0,
0.874,0.0,0.0,0.0,0.0,0.0,0,0,
0.875,0.0,0.0,0.0,0.0,0.0,0,0,
0.876,0.0,0.0,0.0,0.0,0.0,0,0,
0.877,0.0,0.0,0.0,0.0,0.0,0,0,
0.878,0.0,0.0,0.0,0.0,0.0,0,0,
0.879,0.0,0.0,0.0,0.0,0.0,0,0,
0.88,0.0,0.0,0.0,0.0,0.0,0,0,
0.881,0.0,0.0,0.0,0.0,0.0,0,0,
0.882,0.0,0.0,0.0,0.0,0.0,0,0,
0.883,0.0,0.0,0.0,0.0,0.0,0,0,
0.884,0.0,0.0,0.0,0.0,0.0,0,0,
0.885,0.0,0.0,0.0,0.0,0.0,0,0,
0.886,0.0,0.0,0.0,0.0,0.0,0,0,
0.887,0.0,0.0,0.0,0.0,0.0,0,0,
0.888,0.0,0.0,0.0,0.0,0.0,0,0,
0.889,0.0,0.0,0.0,0.0,0.0,0,0,
0.89,0.0,0.0,0.0,0.0,0.0,0,0,
0.891,0.0,0.0,0.0,0.0,0.0,0,0,
0.892,0.0,0.0,0.0,0.0,0.0,0,0,
0.893,0.0,0.0,0.0,0.0,0.0,0,0,
0.894,0.0,0.0,0.0,0.0,0.0,0,0,
0.895,0.0,0.0,0.0,0.0,0.0,0,0,
0.896,0.0,0.0,0.0,0.0,0.0,0,0,
0.897,0.0,0.0,0.0,0.0,0.0,0,0,
0.898,0.0,0.0,0.0,0.0,0.0,0,0,
0.899,0.0,0.0,0.0,0.0,0.0,0,0,
0.9,0.0,0.0,0.0,0.0,0.0,0,0,
0.901,0.0,0.0,0.0,0.0,0.0,0,0,
0.902,0.0,0.0,0.0,0.0,0.0,0,0,
0.903,0.0,0.0,0.0,0.0,0.0,0,0,
0.904,0.0,0.0,0.0,0.0,0.0,0,0,
0.905,0.0,0.0,0.0,0.0,0.0,0,0,
0.906,0.0,0.0,0.0,0.0,0.0,0,0,
0.907,0.0,0.0,0.0,0.0,0.0,0,0,
0.908,0.0,0.0,0.0,0.0,0.0,0,0,
0.909,0.0,0.0,0.0,0.0,0.0,0,0,
0.91,0.0,0.0,0.0,0.0,0.0,0,0,
0.911,0.0,0.0,0.0,0.0,0.0,0,0,
0.912,0.0,0.0,0.0,0.0,0.0,0,0,
0.913,0.0,0.0,0.0,0.0,0.0,0,0,
0.914,0.0,0.0,0.0,0.0,0.0,0,0,
0.915,0.0,0.0,0.0,0.0,0.0,0,0,
0.916,0.0,0.0,0.0,0.0,0.0,0,0,
0.917,0.0,0.0,0.0,0.0,0.0,0,0,
0.918,0.0,0.0,0.0,0.0,0.0,0,0,
0.919,0.0,0.0,0.0,0.0,0.0,0,0,
0.92,0.0,0.0,0.0,0.0,0.0,0,0,
0.921,0.0,0.0,0.0,0.0,0.0,0,0,
0.922,0.0,0.0,0.0,0.0,0.0,0,0,
0.923,0.0,0.0,0.0,0.0,0.0,0,0,
0.924,0.0,0.0,0.0,0.0,0.0,0,0,
0.925,0.0,0.0,0.0,0.0,0.0,0,0,
0.926,0.0,0.0,0.0,0.0,0.0,0,0,
0.927,0.0,0.0,0.0,0.0,0.0,0,0,
0.928,0.0,0.0,0.0,0.0,0.0,0,0,
0.929,0.0,0.0,0.0,0.0,0.0,0,0,
0.93,0.0,0.0,0.0,0.0,0.0,0,0,
0.931,0.0,0.0,0.0,0.0,0.0,0,0,
0.932,0.0,0.0,0.0,0.0,0.0,0,0,
0.933,0.0,0.0,0.0,0.0,0.0,0,0,
0.934,0.0,0.0,0.0,0.0,0.0,0,0,
0.935,0.0,0.0,0.0,0.0,0.0,0,0,
0.936,0.0,0.0,0.0,0.0,0.0,0,0,
0.937,0.0,0.0,0.0,0.0,0.0,0,0,
0.9380000000000001,0.0,0.0,0.0,0.0,0.0,0,0,
0.9390000000000001,0.0,0.0,0.0,0.0,0.0,0,0,
0.9400000000000001,0.0,0.0,0.0,0.0,0.0,0,0,
0.9410000000000001,0.0,0.0,0.0,0.0,0.0,0,0,
0.9420000000000001,0.0,0.0,0.0,0.0,0.0,0,0,
0.9430000000000001,0.0,0.0,0.0,0.0,0.0,0,0,
0.9440000000000001,0.0,0.0,0.0,0.0,0.0,0,0,
0.9450000000000001,0.0,0.0,0.0,0.0,0.0,0,0,
0.9460000000000001,0.0,0.0,0.0,0.0,0.0,0,0,
0.9470000000000001,0.0,0.0,0.0,0.0,0.0,0,0,
0.9480000000000001,0.0,0.0,0.0,0.0,0.0,0,0,
0.9490000000000001,0.0,0.0,0.0,0.0,0.0,0,0,
0.9500000000000001,0.0,0.0,0.0,0.0,0.0,0,0,
0.9510000000000001,0.0,0.0,0.0,0.0,0.0,0,0,
0.9520000000000001,0.0,0.0,0.0,0.0,0.0,0,0,
0.9530000000000001,0.0,0.0,0.0,0.0,0.0,0,0,
0.9540000000000001,0.0,0.0,0.0,0.0,0.0,0,0,
0.9550000000000001,0.0,0.0,0.0,0.0,0.0,0,0,
0.9560000000000001,0.0,0.0,0.0,0.0,0.0,0,0,
0.9570000000000001,0.0,0.0,0.0,0.0,0.0,0,0,
0.9580000000000001,0.0,0.0,0.0,0.0,0.0,0,0,
0.9590000000000001,0.0,0.0,0.0,0.0,0.0,0,0,
0.96,0.0,0.0,0.0,0.0,0.0,0,0,
0.961,0.0,0.0,0.0,0.0,0.0,0,0,
0.962,0.0,0.0,0.0,0.0,0.0,0,0,
0.963,0.0,0.0,0.0,0.0,0.0,0,0,
0.964,0.0,0.0,0.0,0.0,0.0,0,0,
0.965,0.0,0.0,0.0,0.0,0.0,0,0,
0.966,0.0,0.0,0.0,0.0,0.0,0,0,
0.967,0.0,0.0,0.0,0.0,0.0,0,0,
0.968,0.0,0.0,0.0,0.0,0.0,0,0,
0.969,0.0,0.0,0.0,0.0,0.0,0,0,
0.97,0.0,0.0,0.0,0.0,0.0,0,0,
0.971,0.0,0.0,0.0,0.0,0.0,0,0,
0.972,0.0,0.0,0.0,0.0,0.0,0,0,
0.973,0.0,0.0,0.0,0.0,0.0,0,0,
0.974,0.0,0.0,0.0,0.0,0.0,0,0,
0.975,0.0,0.0,0.0,0.0,0.0,0,0,
0.976,0.0,0.0,0.0,0.0,0.0,0,0,
0.977,0.0,0.0,0.0,0.0,0.0,0,0,
0.978,0.0,0.0,0.0,0.0,0.0,0,0,
0.979,0.0,0.0,0.0,0.0,0.0,0,0,
0.98,0.0,0.0,0.0,0.0,0.0,0,0,
0.981,0.0,0.0,0.0,0.0,0.0,0,0,
0.982,0.0,0.0,0.0,0.0,0.0,0,0,
0.983,0.0,0.0,0.0,0.0,0.0,0,0,
0.984,0.0,0.0,0.0,0.0,0.0,0,0,
0.985,0.0,0.0,0.0,0.0,0.0,0,0,
0.986,0.0,0.0,0.0,0.0,0.0,0,0,
0.987,0.0,0.0,0.0,0.0,0.0,0,0,
0.988,0.0,0.0,0.0,0.0,0.0,0,0,
0.989,0.0,0.0,0.0,0.0,0.0,0,0,
0.99,0.0,0.0,0.0,0.0,0.0,0,0,
0.991,0.0,0.0,0.0,0.0,0.0,0,0,
0.992,0.0,0.0,0.0,0.0,0.0,0,0,
0.993,0.0,0.0,0.0,0.0,0.0,0,0,
0.994,0.0,0.0,0.0,0.0,0.0,0,0,
0.995,0.0,0.0,0.0,0.0,0.0,0,0,
0.996,0.0,0.0,0.0,0.0,0.0,0,0,
0.997,0.0,0.0,0.0,0.0,0.0,0,0,
0.998,0.0,0.0,0.0,0.0,0.0,0,0,
0.999,0.0,0.0,0.0,0.0,0.0,0,0,
1.0,0.0,0.0,0.0,0.0,0.0,0,0,
